Time,Open,High,Low,Close,Change,Volume
6/12/2020 0:00,9710.25,9719.5,9683.25,9719.25,9.0,853
6/12/2020 1:00,9715.25,9725.5,9659.25,9664.5,-50.75,2990
6/12/2020 2:00,9654.25,9732.0,9653.75,9703.5,49.25,3262
6/12/2020 3:00,9703.0,9764.5,9694.75,9756.0,53.0,2598
6/12/2020 4:00,9754.75,9775.75,9737.0,9772.5,17.75,3192
6/12/2020 5:00,9774.25,9783.75,9728.0,9749.75,-24.5,2303
6/12/2020 6:00,9750.0,9769.75,9741.5,9751.75,1.75,1988
6/12/2020 7:00,9738.75,9754.75,9706.5,9737.75,-1.0,5339
6/12/2020 8:00,9743.75,9837.0,9742.5,9797.25,53.5,36746
6/12/2020 9:00,9799.75,9817.5,9642.75,9647.5,-152.25,52588
6/12/2020 10:00,9631.25,9703.25,9555.75,9698.75,67.5,64289
6/12/2020 11:00,9704.75,9724.75,9618.0,9657.25,-47.5,35477
6/12/2020 12:00,9659.0,9665.5,9490.5,9513.75,-145.25,43968
6/12/2020 13:00,9490.5,9600.0,9481.75,9570.25,79.75,42162
6/12/2020 14:00,9592.0,9673.0,9551.5,9667.75,75.75,30064
6/12/2020 15:00,9647.5,9657.75,9492.0,9509.0,-138.5,9832
6/14/2020 18:00,9565.5,9569.25,9509.75,9525.5,-40.0,4106
6/14/2020 19:00,9539.25,9567.0,9533.0,9537.25,-2.0,3143
6/14/2020 20:00,9528.25,9582.75,9528.0,9572.0,43.75,2753
6/14/2020 21:00,9574.0,9585.5,9544.5,9544.75,-29.25,1816
6/14/2020 22:00,9541.75,9570.75,9539.75,9565.5,23.75,1002
6/14/2020 23:00,9560.25,9563.0,9520.0,9526.5,-33.75,1546
6/15/2020 1:00,9408.5,9426.0,9368.25,9404.0,-4.5,6431
6/15/2020 2:00,9412.25,9442.25,9386.5,9437.25,25.0,4702
6/15/2020 3:00,9438.25,9488.25,9423.5,9484.0,45.75,4030
6/15/2020 4:00,9484.75,9515.0,9459.75,9509.0,24.25,3020
6/15/2020 5:00,9510.75,9529.25,9465.0,9466.5,-44.25,3713
6/15/2020 6:00,9470.0,9529.0,9464.0,9512.25,42.25,4694
6/15/2020 7:00,9513.5,9524.25,9491.25,9513.25,-0.25,9789
6/15/2020 8:00,9512.25,9579.0,9471.25,9578.0,65.75,57610
6/15/2020 9:00,9584.0,9623.5,9544.25,9579.75,-4.25,48361
6/15/2020 10:00,9576.75,9626.75,9571.0,9614.75,38.0,39531
6/15/2020 11:00,9611.75,9675.5,9606.0,9671.25,59.5,24157
6/15/2020 12:00,9674.0,9699.25,9665.0,9691.25,17.25,15036
6/15/2020 13:00,9692.0,9798.0,9692.0,9772.5,80.5,41769
6/15/2020 14:00,9767.0,9792.5,9712.5,9748.5,-18.5,34005
6/15/2020 15:00,9765.5,9823.0,9762.5,9815.5,50.0,8612
6/15/2020 18:00,9808.75,9865.75,9790.0,9865.75,57.0,4281
6/15/2020 19:00,9864.25,9875.0,9841.75,9852.25,-12.0,3882
6/15/2020 20:00,9857.5,9880.0,9851.0,9868.75,11.25,3838
6/15/2020 21:00,9868.75,9948.0,9866.5,9939.25,70.5,6579
6/15/2020 22:00,9939.25,9940.25,9915.5,9918.25,-21.0,2724
6/15/2020 23:00,9917.75,9920.0,9893.0,9900.0,-17.75,2564
6/16/2020 0:00,9901.25,9929.0,9901.25,9909.25,8.0,2244
6/16/2020 1:00,9903.5,9904.5,9857.75,9864.5,-39.0,6010
6/16/2020 2:00,9873.75,9911.25,9851.0,9863.5,-10.25,8591
6/16/2020 3:00,9865.75,9899.5,9852.0,9897.25,31.5,6112
6/16/2020 4:00,9898.75,9909.5,9885.25,9898.25,-0.5,3742
6/16/2020 5:00,9898.25,9927.0,9889.25,9908.5,10.25,3398
6/16/2020 6:00,9910.5,9923.75,9887.0,9923.0,12.5,4228
6/16/2020 7:00,9920.5,9999.0,9918.5,9996.25,75.75,22620
6/16/2020 8:00,9989.0,9996.75,9940.5,9985.5,-3.5,59577
6/16/2020 9:00,9975.5,10001.75,9856.25,9869.75,-105.75,88183
6/16/2020 10:00,9830.25,9957.0,9786.5,9920.5,90.25,99094
6/16/2020 11:00,9927.5,9966.25,9884.0,9949.75,22.25,55799
6/16/2020 12:00,9949.5,9967.0,9914.0,9929.0,-20.5,31878
6/16/2020 13:00,9931.0,9971.25,9906.0,9926.25,-4.75,44556
6/16/2020 14:00,9928.25,9937.75,9863.75,9917.5,-10.75,50643
6/16/2020 15:00,9943.0,9964.25,9923.5,9926.25,-16.75,10481
6/16/2020 18:00,9958.0,9988.75,9958.0,9986.0,28.0,3520
6/16/2020 19:00,9984.0,9985.5,9932.25,9974.0,-10.0,5406
6/16/2020 20:00,9973.5,9983.5,9926.5,9948.25,-25.25,4014
6/16/2020 21:00,9947.5,9964.0,9915.25,9940.5,-7.0,3786
6/16/2020 22:00,9940.0,9956.25,9931.0,9948.25,8.25,1976
6/16/2020 23:00,9949.0,9977.25,9946.5,9960.5,11.5,2484
6/17/2020 0:00,9962.75,9974.25,9939.25,9960.5,-2.25,3819
6/17/2020 1:00,9959.75,9999.0,9951.0,9985.0,25.25,6633
6/17/2020 2:00,9976.5,10027.0,9969.0,10015.25,38.75,9435
6/17/2020 3:00,10012.75,10038.75,10005.75,10032.5,19.75,6635
6/17/2020 4:00,10031.25,10033.75,9972.0,9984.75,-46.5,7830
6/17/2020 5:00,9986.0,10024.25,9982.25,10018.75,32.75,6686
6/17/2020 6:00,10019.5,10024.0,10000.5,10011.0,-8.5,8724
6/17/2020 7:00,10013.75,10020.0,9995.75,10001.5,-12.25,11449
6/17/2020 8:00,10002.5,10019.25,9963.0,9970.0,-32.5,51973
6/17/2020 9:00,9982.0,10005.75,9936.25,9995.5,13.5,62307
6/17/2020 10:00,9995.25,10009.0,9973.5,10003.5,8.25,38804
6/17/2020 11:00,10005.25,10032.5,9987.25,10025.0,19.75,25123
6/17/2020 12:00,10029.75,10047.5,10029.0,10031.5,1.75,20423
6/17/2020 13:00,10025.75,10044.75,10015.5,10020.25,-5.5,22020
6/17/2020 14:00,10013.0,10013.0,9944.0,9980.0,-33.0,48363
6/17/2020 15:00,9968.75,9992.75,9964.5,9978.0,9.25,9619
6/17/2020 18:00,9983.75,9995.0,9947.25,9954.75,-29.0,3553
6/17/2020 19:00,9950.0,9957.5,9919.0,9933.0,-17.0,7362
6/17/2020 20:00,9934.25,9948.75,9866.5,9894.0,-40.25,9408
6/17/2020 21:00,9893.5,9902.5,9868.5,9890.75,-2.75,5918
6/17/2020 22:00,9891.5,9945.0,9887.25,9937.0,45.5,5888
6/17/2020 23:00,9936.25,9963.5,9924.25,9960.25,24.0,4563
6/18/2020 0:00,9959.75,9967.5,9927.5,9944.0,-15.75,4048
6/18/2020 1:00,9944.0,9999.5,9931.75,9984.0,40.0,7395
6/18/2020 2:00,9983.5,9998.5,9962.5,9978.25,-5.25,7528
6/18/2020 3:00,9982.75,10026.5,9969.0,10022.0,39.25,11828
6/18/2020 4:00,10018.5,10029.0,9992.75,9998.0,-20.5,7510
6/18/2020 5:00,10003.5,10003.5,9974.25,9985.75,-17.75,4888
6/18/2020 6:00,9986.75,9996.0,9937.0,9940.0,-46.75,7788
6/18/2020 7:00,9943.5,9984.5,9929.0,9973.0,29.5,23915
6/18/2020 8:00,9972.75,9988.0,9941.75,9962.75,-10.0,57380
6/18/2020 9:00,9964.25,9992.25,9924.25,9987.0,22.75,63640
6/18/2020 10:00,9993.75,10008.5,9959.5,9965.0,-28.75,39860
6/18/2020 11:00,9965.25,9981.75,9951.5,9975.75,10.5,28354
6/18/2020 12:00,9976.5,9997.5,9969.5,9991.75,15.25,17755
6/18/2020 13:00,9992.5,9996.0,9954.0,9959.5,-33.0,27280
6/18/2020 14:00,9950.0,9998.75,9934.75,9996.25,46.25,41727
6/18/2020 15:00,9998.5,10003.75,9977.5,9993.25,-5.25,8013
6/18/2020 18:00,10005.75,10027.25,10005.75,10018.75,13.0,3045
6/18/2020 19:00,10019.5,10020.5,9988.25,10000.25,-19.25,5972
6/18/2020 20:00,9998.5,10013.0,9981.75,9996.75,-1.75,4943
6/18/2020 21:00,9996.0,10012.75,9991.5,10008.75,12.75,3530
6/18/2020 22:00,10010.75,10012.75,9997.25,10009.75,-1.0,2003
6/18/2020 23:00,10008.75,10019.75,10003.25,10006.0,-2.75,3105
6/19/2020 0:00,10006.75,10024.0,10003.75,10020.75,14.0,3240
6/19/2020 1:00,10023.75,10077.0,10021.5,10051.75,28.0,9330
6/19/2020 2:00,10055.0,10071.25,10041.0,10066.25,11.25,6325
6/19/2020 3:00,10065.75,10066.0,10041.25,10056.25,-9.5,6048
6/19/2020 4:00,10059.0,10074.25,10052.25,10059.5,0.5,6614
6/19/2020 5:00,10060.25,10075.75,10053.5,10067.0,6.75,5257
6/19/2020 6:00,10067.0,10079.0,10057.5,10078.0,11.0,5533
6/19/2020 7:00,10078.25,10096.5,10074.5,10092.0,13.75,19265
6/19/2020 8:00,10091.5,10112.5,10075.25,10087.0,-4.5,60539
6/19/2020 9:00,10087.25,10108.25,10065.5,10073.25,-14.0,47135
6/19/2020 10:00,10076.75,10096.5,10050.5,10051.75,-25.0,41663
6/19/2020 11:00,10051.75,10055.0,9936.5,10014.5,-37.25,73702
6/19/2020 12:00,10019.5,10021.5,9952.5,9955.5,-64.0,49171
6/19/2020 13:00,9953.0,9993.0,9921.5,9982.75,29.75,59652
6/19/2020 14:00,9983.75,10020.75,9964.25,10006.5,22.75,56534
6/19/2020 15:00,9990.75,9992.5,9843.5,9862.0,-128.75,28242
6/21/2020 18:00,9898.5,9908.0,9875.25,9903.5,5.0,3340
6/21/2020 19:00,9906.0,9927.75,9895.0,9916.75,10.75,5755
6/21/2020 20:00,9917.5,9974.5,9916.5,9959.75,42.25,8338
6/21/2020 21:00,9959.5,9983.75,9957.5,9969.0,9.5,4158
6/21/2020 22:00,9969.75,9995.25,9964.75,9989.75,20.0,4858
6/21/2020 23:00,9989.5,9997.75,9967.25,9971.75,-17.75,3823
6/22/2020 0:00,9969.25,9979.75,9952.0,9963.5,-5.75,4973
6/22/2020 1:00,9965.0,9990.5,9945.25,9982.75,17.75,5973
6/22/2020 2:00,9983.25,10015.0,9966.25,10003.25,20.0,9605
6/22/2020 3:00,10004.0,10019.5,9991.75,10013.75,9.75,5856
6/22/2020 4:00,10015.25,10038.25,10013.0,10015.5,0.25,6685
6/22/2020 5:00,10016.5,10019.0,9992.75,10003.25,-13.25,4850
6/22/2020 6:00,10000.25,10013.75,9983.5,10013.0,12.75,6586
6/22/2020 7:00,10015.75,10022.25,9994.25,9997.5,-18.25,9559
6/22/2020 8:00,9997.0,10018.5,9975.75,10018.25,21.25,47348
6/22/2020 9:00,10021.25,10057.25,10020.25,10027.0,5.75,47277
6/22/2020 10:00,10021.75,10068.75,10012.75,10060.25,38.5,32279
6/22/2020 11:00,10057.25,10104.75,10057.0,10092.0,34.75,32690
6/22/2020 12:00,10094.0,10101.5,10079.0,10095.5,1.5,17090
6/22/2020 13:00,10095.25,10117.0,10076.25,10113.5,18.25,26373
6/22/2020 14:00,10113.25,10119.25,10066.0,10115.25,2.0,37487
6/22/2020 15:00,10115.0,10134.5,10108.0,10125.5,10.5,11053
6/22/2020 18:00,10142.0,10158.25,10138.75,10152.75,10.75,3491
6/22/2020 19:00,10149.5,10150.5,10131.5,10141.25,-8.25,3864
6/22/2020 20:00,10141.75,10146.0,9972.25,10026.25,-115.5,26275
6/22/2020 21:00,10089.75,10135.0,10076.75,10117.5,27.75,11368
6/22/2020 22:00,10113.25,10123.5,10098.0,10105.5,-7.75,3638
6/22/2020 23:00,10103.0,10120.0,10099.25,10112.75,9.75,2504
6/23/2020 0:00,10111.75,10120.75,10088.75,10095.75,-16.0,3965
6/23/2020 1:00,10094.25,10145.75,10089.0,10137.75,43.5,7186
6/23/2020 2:00,10137.25,10191.0,10127.75,10190.25,53.0,11806
6/23/2020 3:00,10194.0,10197.5,10170.25,10175.25,-18.75,7450
6/23/2020 4:00,10173.0,10192.5,10168.5,10189.5,16.5,4796
6/23/2020 5:00,10186.5,10204.5,10180.0,10188.25,1.75,6358
6/23/2020 6:00,10189.75,10203.25,10178.0,10193.0,3.25,6238
6/23/2020 7:00,10192.0,10201.25,10186.0,10194.5,2.5,10321
6/23/2020 8:00,10193.0,10200.75,10158.75,10182.5,-10.5,47012
6/23/2020 9:00,10184.0,10231.25,10164.0,10212.0,28.0,58790
6/23/2020 10:00,10213.0,10257.25,10200.0,10253.0,40.0,35319
6/23/2020 11:00,10260.75,10268.5,10248.0,10263.0,2.25,25592
6/23/2020 12:00,10262.5,10296.25,10261.0,10279.75,17.25,26306
6/23/2020 13:00,10284.0,10284.25,10243.5,10246.75,-37.25,26918
6/23/2020 14:00,10245.0,10251.75,10175.75,10204.5,-40.5,52495
6/23/2020 15:00,10197.0,10214.0,10175.0,10192.0,-5.0,12182
6/23/2020 18:00,10177.25,10196.25,10165.25,10184.75,7.5,5176
6/23/2020 19:00,10180.25,10223.25,10180.0,10214.5,34.25,6495
6/23/2020 20:00,10215.5,10227.75,10196.0,10200.25,-15.25,7275
6/23/2020 21:00,10199.0,10207.0,10179.5,10196.75,-2.25,6280
6/23/2020 22:00,10197.0,10218.5,10195.75,10216.0,19.0,4345
6/23/2020 23:00,10215.0,10242.0,10210.25,10230.75,15.75,4456
6/24/2020 0:00,10232.25,10235.75,10218.75,10224.5,-7.75,3651
6/24/2020 1:00,10222.0,10227.25,10205.0,10224.75,2.75,5065
6/24/2020 2:00,10224.25,10232.0,10154.0,10174.5,-49.75,12336
6/24/2020 3:00,10174.5,10177.5,10126.0,10157.0,-17.5,11933
6/24/2020 4:00,10158.0,10166.5,10106.0,10137.0,-21.0,12422
6/24/2020 5:00,10137.5,10156.25,10131.0,10147.25,9.75,7789
6/24/2020 6:00,10150.0,10165.5,10146.5,10161.75,11.75,6939
6/24/2020 7:00,10156.0,10184.0,10155.25,10180.0,24.0,11620
6/24/2020 8:00,10181.5,10221.5,10088.0,10103.75,-77.75,70313
6/24/2020 9:00,10096.25,10126.75,10055.75,10072.75,-23.5,93741
6/24/2020 10:00,10073.0,10082.75,9927.25,9962.5,-110.5,104409
6/24/2020 11:00,9969.5,10022.75,9950.0,10019.75,50.25,59829
6/24/2020 12:00,10026.25,10040.0,9962.0,9977.5,-48.75,52592
6/24/2020 13:00,9988.5,10016.0,9938.25,9971.25,-17.25,61085
6/24/2020 14:00,9972.75,10037.25,9971.75,9989.75,17.0,76716
6/24/2020 15:00,9992.5,10022.0,9991.75,9998.75,6.25,15354
6/24/2020 18:00,9992.5,9996.75,9974.0,9981.5,-11.0,2729
6/24/2020 19:00,9974.25,10030.0,9964.0,10024.25,50.0,6709
6/24/2020 20:00,10023.0,10031.75,9967.5,9971.0,-52.0,6501
6/24/2020 21:00,9965.0,9984.25,9941.0,9982.5,17.5,6553
6/24/2020 22:00,9981.5,9992.0,9961.5,9985.0,3.5,3778
6/24/2020 23:00,9986.0,9996.0,9970.75,9982.25,-3.75,2776
6/25/2020 0:00,9987.75,10011.75,9980.75,9994.0,6.25,3685
6/25/2020 1:00,9992.75,10007.5,9967.75,9980.25,-12.5,6069
6/25/2020 2:00,9981.25,9984.5,9893.75,9924.5,-56.75,16005
6/25/2020 3:00,9933.0,10025.0,9929.25,10014.25,81.25,15459
6/25/2020 4:00,10013.75,10048.5,9995.0,10005.25,-8.5,10481
6/25/2020 5:00,10000.0,10019.25,9991.0,10016.0,16.0,5315
6/25/2020 6:00,10023.0,10024.0,9972.75,9973.0,-50.0,7315
6/25/2020 7:00,9971.5,10009.0,9961.75,9996.25,24.75,17213
6/25/2020 8:00,9993.5,10017.25,9885.5,9927.5,-66.0,72110
6/25/2020 9:00,9946.25,10013.0,9927.0,9990.25,44.0,82312
6/25/2020 10:00,9992.0,10003.25,9944.25,9994.25,2.25,60951
6/25/2020 11:00,9997.75,10041.0,9997.0,10010.5,12.75,44650
6/25/2020 12:00,10011.75,10029.0,9993.75,10013.75,2.0,25583
6/25/2020 13:00,10013.75,10017.0,9965.75,9993.0,-20.75,34894
6/25/2020 14:00,9993.5,10094.0,9984.75,10087.0,93.5,52649
6/25/2020 15:00,10087.5,10107.0,10078.0,10092.0,4.5,13570
6/25/2020 18:00,10099.25,10120.5,10093.25,10107.75,8.5,2296
6/25/2020 19:00,10105.5,10109.5,10074.0,10098.5,-7.0,4649
6/25/2020 20:00,10102.25,10112.5,10091.5,10108.0,5.75,2666
6/25/2020 21:00,10107.5,10110.25,10086.75,10090.75,-16.75,2512
6/25/2020 22:00,10089.5,10099.0,10081.75,10093.75,4.25,2173
6/25/2020 23:00,10093.75,10111.75,10090.0,10097.75,4.0,2740
6/26/2020 0:00,10095.75,10104.25,10088.75,10091.5,-4.25,2054
6/26/2020 1:00,10094.0,10096.75,10070.25,10084.25,-9.75,5441
6/26/2020 2:00,10076.5,10087.0,10041.75,10064.75,-11.75,7555
6/26/2020 3:00,10065.75,10078.75,10033.0,10072.75,7.0,7658
6/26/2020 4:00,10073.0,10100.5,10068.5,10090.5,17.5,6255
6/26/2020 5:00,10094.5,10115.0,10092.75,10105.25,10.75,5829
6/26/2020 6:00,10107.5,10120.0,10088.75,10091.0,-16.5,5957
6/26/2020 7:00,10089.75,10097.75,10063.0,10070.25,-19.5,8682
6/26/2020 8:00,10073.75,10082.25,9995.25,10015.75,-58.0,57994
6/26/2020 9:00,10019.0,10019.0,9851.0,9891.75,-127.25,108904
6/26/2020 10:00,9887.5,9980.0,9884.0,9972.75,85.25,77398
6/26/2020 11:00,9969.25,9971.25,9877.25,9916.75,-52.5,57841
6/26/2020 12:00,9919.0,9952.0,9908.25,9914.25,-4.75,42882
6/26/2020 13:00,9914.0,9937.5,9860.0,9878.0,-36.0,56217
6/26/2020 14:00,9878.25,9909.75,9824.25,9842.75,-35.5,69390
6/26/2020 15:00,9841.75,9877.75,9780.25,9805.5,-36.25,21011
6/28/2020 18:00,9826.5,9840.0,9803.75,9827.25,0.75,4776
6/28/2020 19:00,9827.75,9837.0,9812.25,9836.75,9.0,4580
6/28/2020 20:00,9842.75,9882.0,9839.25,9879.25,36.5,9168
6/28/2020 21:00,9879.5,9881.25,9840.5,9846.75,-32.75,7155
6/28/2020 22:00,9847.0,9854.75,9826.5,9835.0,-12.0,5905
6/28/2020 23:00,9833.5,9849.0,9805.5,9815.25,-18.25,6666
6/29/2020 0:00,9812.5,9850.0,9810.5,9811.75,-0.75,6660
6/29/2020 1:00,9811.75,9847.5,9802.5,9840.25,28.5,7013
6/29/2020 2:00,9836.0,9879.5,9834.25,9859.75,23.75,9902
6/29/2020 3:00,9858.0,9858.0,9825.0,9855.5,-2.5,6498
6/29/2020 4:00,9855.5,9864.0,9832.5,9856.75,1.25,5110
6/29/2020 5:00,9856.25,9864.0,9826.0,9850.0,-6.25,6014
6/29/2020 6:00,9851.75,9888.0,9833.5,9880.75,29.0,7225
6/29/2020 7:00,9877.75,9879.75,9836.5,9844.5,-33.25,13927
6/29/2020 8:00,9847.25,9852.0,9728.75,9780.5,-66.75,80715
6/29/2020 9:00,9792.0,9889.5,9782.0,9865.5,73.5,83509
6/29/2020 10:00,9859.25,9903.5,9829.5,9895.75,36.5,51973
6/29/2020 11:00,9893.25,9928.25,9893.25,9919.25,26.0,31759
6/29/2020 12:00,9919.25,9939.25,9902.75,9928.0,8.75,22002
6/29/2020 13:00,9926.75,9932.25,9888.0,9899.5,-27.25,25752
6/29/2020 14:00,9895.5,9937.75,9872.5,9937.5,42.0,41801
6/29/2020 15:00,9951.25,9997.0,9950.75,9989.0,37.75,19743
6/29/2020 18:00,9998.5,10006.75,9990.0,9992.5,-6.0,2729
6/29/2020 19:00,9993.5,9999.5,9983.25,9993.0,-0.5,4317
6/29/2020 20:00,9991.0,10022.75,9988.0,10003.75,12.75,5407
6/29/2020 21:00,10004.5,10014.25,10000.0,10001.0,-3.5,3273
6/29/2020 22:00,10003.75,10015.5,10000.0,10008.0,4.25,2442
6/29/2020 23:00,10008.5,10014.0,10008.5,10011.25,2.75,1316
6/30/2020 0:00,10012.25,10028.25,9978.25,9986.0,-26.25,6516
6/30/2020 1:00,9979.75,9992.5,9964.75,9986.25,6.5,5890
6/30/2020 2:00,9985.5,10004.75,9957.0,9972.25,-13.25,9663
6/30/2020 3:00,9973.5,9979.75,9953.25,9963.0,-10.5,7089
6/30/2020 4:00,9961.75,9981.5,9951.0,9979.5,17.75,6517
6/30/2020 5:00,9978.5,9984.75,9965.25,9966.5,-12.0,5327
6/30/2020 6:00,9963.75,9993.0,9959.5,9971.75,8.0,8113
6/30/2020 7:00,9971.75,9973.75,9940.25,9950.25,-21.5,11151
6/30/2020 8:00,9951.0,10035.5,9940.5,10023.5,72.5,60863
6/30/2020 9:00,10023.5,10060.75,10019.0,10060.75,37.25,59654
6/30/2020 10:00,10062.5,10087.5,10058.75,10075.5,13.0,38748
6/30/2020 11:00,10076.75,10103.0,10056.25,10068.25,-8.5,31944
6/30/2020 12:00,10064.75,10075.75,10039.0,10069.5,4.75,25596
6/30/2020 13:00,10069.5,10100.75,10052.0,10098.0,28.5,27122
6/30/2020 14:00,10100.75,10171.5,10073.75,10143.5,42.75,59504
6/30/2020 15:00,10133.75,10150.5,10123.25,10140.25,6.5,15878
6/30/2020 18:00,10133.75,10141.0,10123.5,10129.75,-4.0,2192
6/30/2020 19:00,10130.0,10143.25,10121.5,10138.5,8.5,2302
6/30/2020 20:00,10137.75,10155.0,10128.5,10142.5,4.75,3488
6/30/2020 21:00,10141.5,10145.5,10126.75,10132.75,-8.75,2058
6/30/2020 22:00,10133.0,10142.75,10131.25,10139.25,6.25,1502
6/30/2020 23:00,10140.25,10144.25,10126.25,10129.75,-10.5,1404
7/1/2020 0:00,10129.5,10133.25,10104.75,10113.0,-16.5,3998
7/1/2020 1:00,10115.5,10141.0,10104.0,10139.0,23.5,4271
7/1/2020 2:00,10137.25,10157.75,10132.25,10143.0,5.75,4547
7/1/2020 3:00,10141.5,10152.5,10127.0,10136.75,-4.75,4008
7/1/2020 4:00,10135.75,10154.25,10111.75,10120.0,-15.75,7271
7/1/2020 5:00,10118.0,10139.0,10094.25,10101.75,-16.25,9243
7/1/2020 6:00,10103.5,10108.5,10076.0,10086.5,-17.0,12900
7/1/2020 7:00,10087.5,10149.5,10084.5,10147.75,60.25,17853
7/1/2020 8:00,10148.25,10193.25,10125.5,10137.5,-10.75,72236
7/1/2020 9:00,10149.75,10224.25,10141.5,10210.25,60.5,57975
7/1/2020 10:00,10218.5,10238.0,10201.75,10230.0,11.5,45687
7/1/2020 11:00,10229.75,10267.5,10225.25,10251.25,21.5,32448
7/1/2020 12:00,10252.25,10265.0,10226.5,10255.0,2.75,23186
7/1/2020 13:00,10259.5,10275.25,10240.5,10264.5,5.0,26172
7/1/2020 14:00,10264.25,10310.0,10260.5,10264.5,0.25,40811
7/1/2020 15:00,10265.0,10271.75,10246.5,10252.5,-12.5,11349
7/1/2020 18:00,10272.5,10279.25,10263.75,10268.75,-3.75,2181
7/1/2020 19:00,10269.0,10276.75,10252.75,10260.25,-8.75,3078
7/1/2020 20:00,10263.5,10286.0,10253.5,10274.25,10.75,3923
7/1/2020 21:00,10276.0,10296.0,10273.25,10293.75,17.75,2380
7/1/2020 22:00,10295.0,10299.25,10286.0,10288.25,-6.75,2255
7/1/2020 23:00,10288.75,10297.25,10286.0,10290.5,1.75,1934
7/2/2020 0:00,10288.5,10294.75,10279.5,10287.25,-1.25,2715
7/2/2020 1:00,10287.25,10320.75,10285.0,10314.0,26.75,5990
7/2/2020 2:00,10313.75,10324.25,10295.0,10316.75,3.0,10623
7/2/2020 3:00,10317.0,10335.75,10312.25,10322.0,5.0,9429
7/2/2020 4:00,10322.25,10324.5,10305.25,10311.75,-10.5,5099
7/2/2020 5:00,10312.25,10315.75,10301.0,10313.75,1.5,5194
7/2/2020 6:00,10314.0,10335.0,10311.25,10334.75,20.75,6471
7/2/2020 7:00,10337.25,10381.0,10321.75,10374.25,37.0,24003
7/2/2020 8:00,10374.75,10419.5,10366.5,10419.0,44.25,55226
7/2/2020 9:00,10413.25,10422.25,10357.75,10370.0,-43.25,67329
7/2/2020 10:00,10372.25,10387.75,10329.0,10380.5,8.25,52680
7/2/2020 11:00,10382.5,10393.5,10359.5,10382.75,0.25,28455
7/2/2020 12:00,10388.0,10401.75,10376.5,10380.0,-8.0,20440
7/2/2020 13:00,10381.75,10403.25,10372.25,10395.25,13.5,23495
7/2/2020 14:00,10399.5,10404.75,10317.5,10324.5,-75.0,43776
7/2/2020 15:00,10335.75,10357.5,10334.5,10355.0,19.25,10498
7/2/2020 18:00,10356.5,10360.5,10345.25,10348.5,-8.0,1086
7/2/2020 19:00,10349.75,10360.25,10340.0,10355.5,5.75,1977
7/2/2020 20:00,10357.25,10372.0,10347.25,10354.25,-3.0,2982
7/2/2020 21:00,10349.25,10361.75,10340.75,10344.5,-4.75,2495
7/2/2020 22:00,10345.75,10357.25,10340.5,10353.75,8.0,1196
7/2/2020 23:00,10354.0,10354.5,10343.5,10350.0,-4.0,940
7/3/2020 0:00,10349.5,10364.25,10343.25,10361.0,11.5,1717
7/3/2020 1:00,10365.0,10389.75,10365.0,10378.5,13.5,4786
7/3/2020 2:00,10378.5,10386.5,10371.0,10375.0,-3.5,5503
7/3/2020 3:00,10376.75,10381.25,10363.5,10377.75,1.0,3791
7/3/2020 4:00,10376.5,10381.75,10360.75,10363.75,-12.75,3617
7/3/2020 5:00,10361.0,10365.75,10355.0,10363.25,2.25,3229
7/3/2020 6:00,10362.25,10362.5,10345.75,10348.25,-14.0,2625
7/3/2020 7:00,10350.25,10354.0,10341.25,10342.75,-7.5,3917
7/3/2020 8:00,10343.5,10357.75,10341.5,10353.25,9.75,5873
7/3/2020 9:00,10353.25,10354.25,10308.75,10331.25,-22.0,9616
7/3/2020 10:00,10329.25,10342.5,10323.75,10332.25,3.0,5612
7/3/2020 11:00,10332.25,10353.0,10328.0,10330.5,-1.75,3439
7/5/2020 17:00,10347.25,10397.75,10341.5,10387.0,39.75,4685
7/5/2020 18:00,10388.0,10399.75,10380.5,10391.5,3.5,2878
7/5/2020 19:00,10393.25,10415.0,10391.25,10415.0,21.75,4206
7/5/2020 20:00,10418.5,10474.25,10418.5,10465.0,46.5,10654
7/5/2020 21:00,10463.25,10486.25,10462.75,10477.5,14.25,5333
7/5/2020 22:00,10477.25,10500.0,10469.5,10493.5,16.25,4350
7/5/2020 23:00,10491.75,10504.75,10478.25,10486.75,-5.0,3766
7/6/2020 0:00,10487.75,10496.5,10474.25,10480.5,-7.25,4469
7/6/2020 1:00,10486.5,10492.5,10470.75,10484.0,-2.5,6235
7/6/2020 2:00,10481.75,10503.75,10479.0,10487.0,5.25,9748
7/6/2020 3:00,10487.0,10494.25,10475.5,10481.5,-5.5,6375
7/6/2020 4:00,10481.0,10483.5,10463.0,10480.0,-1.0,6116
7/6/2020 5:00,10476.25,10492.0,10471.75,10478.5,2.25,5133
7/6/2020 6:00,10479.25,10483.75,10472.5,10479.0,-0.25,4949
7/6/2020 7:00,10480.0,10492.75,10477.75,10490.0,10.0,5889
7/6/2020 8:00,10489.5,10518.0,10466.25,10513.5,24.0,48032
7/6/2020 9:00,10519.5,10572.25,10510.5,10570.75,51.25,62430
7/6/2020 10:00,10573.25,10614.5,10571.25,10592.25,19.0,41601
7/6/2020 11:00,10590.75,10594.75,10557.0,10587.0,-3.75,35480
7/6/2020 12:00,10584.25,10586.25,10548.25,10564.5,-19.75,30867
7/6/2020 13:00,10564.5,10565.75,10518.25,10554.5,-10.0,40702
7/6/2020 14:00,10553.75,10597.25,10526.75,10588.25,34.5,48099
7/6/2020 15:00,10591.5,10608.0,10587.5,10599.75,8.25,11604
7/6/2020 18:00,10619.0,10649.0,10618.5,10641.5,22.5,4849
7/6/2020 19:00,10639.75,10664.5,10628.25,10661.25,21.5,7277
7/6/2020 20:00,10659.25,10664.5,10591.25,10596.5,-62.75,14086
7/6/2020 21:00,10591.5,10615.25,10586.0,10597.75,6.25,8679
7/6/2020 22:00,10597.0,10615.75,10597.0,10611.0,14.0,4875
7/6/2020 23:00,10612.0,10612.75,10593.25,10604.25,-7.75,3155
7/7/2020 0:00,10603.0,10613.25,10586.75,10592.5,-10.5,4145
7/7/2020 1:00,10593.5,10596.5,10566.5,10581.25,-12.25,7236
7/7/2020 2:00,10579.5,10585.75,10538.25,10557.0,-22.5,9735
7/7/2020 3:00,10557.25,10580.25,10539.5,10547.25,-10.0,9209
7/7/2020 4:00,10548.5,10555.25,10533.5,10547.5,-1.0,6748
7/7/2020 5:00,10549.25,10560.75,10529.75,10545.5,-3.75,7490
7/7/2020 6:00,10549.5,10569.5,10543.5,10564.25,14.75,7721
7/7/2020 7:00,10564.75,10573.75,10556.0,10573.25,8.5,7578
7/7/2020 8:00,10573.5,10633.25,10557.25,10620.5,47.0,62723
7/7/2020 9:00,10607.5,10673.0,10599.0,10664.75,57.25,60888
7/7/2020 10:00,10662.25,10694.5,10648.5,10652.0,-10.25,41337
7/7/2020 11:00,10656.0,10665.5,10610.0,10631.0,-25.0,35652
7/7/2020 12:00,10636.25,10642.25,10598.25,10607.0,-29.25,33566
7/7/2020 13:00,10611.25,10616.0,10561.5,10578.75,-32.5,40160
7/7/2020 14:00,10586.75,10587.0,10513.5,10517.5,-69.25,57806
7/7/2020 15:00,10516.75,10545.75,10516.0,10544.75,28.0,13715
7/7/2020 18:00,10537.75,10554.0,10537.75,10548.75,11.0,2877
7/7/2020 19:00,10550.0,10569.5,10533.5,10553.0,3.0,6022
7/7/2020 20:00,10557.0,10572.75,10552.0,10554.0,-3.0,6300
7/7/2020 21:00,10547.25,10556.75,10533.75,10556.0,8.75,5874
7/7/2020 22:00,10556.25,10564.0,10543.25,10547.5,-8.75,3372
7/7/2020 23:00,10546.75,10548.5,10512.5,10519.5,-27.25,4786
7/8/2020 0:00,10518.25,10536.0,10515.75,10521.75,3.5,5067
7/8/2020 1:00,10521.25,10551.75,10505.25,10540.75,19.5,9223
7/8/2020 2:00,10544.0,10574.75,10538.25,10563.5,19.5,11915
7/8/2020 3:00,10563.75,10585.5,10547.75,10565.0,1.25,9549
7/8/2020 4:00,10563.25,10566.25,10524.25,10535.0,-28.25,9975
7/8/2020 5:00,10536.5,10561.75,10530.0,10558.25,21.75,6565
7/8/2020 6:00,10560.25,10583.5,10557.0,10581.25,21.0,7240
7/8/2020 7:00,10580.25,10584.75,10547.25,10568.25,-12.0,11061
7/8/2020 8:00,10566.5,10630.75,10558.25,10629.0,62.5,56028
7/8/2020 9:00,10627.5,10640.5,10599.25,10629.0,1.5,54498
7/8/2020 10:00,10628.25,10632.0,10512.5,10584.5,-43.75,76379
7/8/2020 11:00,10590.25,10626.75,10582.25,10626.0,35.75,41115
7/8/2020 12:00,10626.0,10628.0,10570.0,10583.5,-42.5,31907
7/8/2020 13:00,10580.25,10601.5,10561.0,10595.0,14.75,41655
7/8/2020 14:00,10601.25,10654.25,10600.0,10653.75,52.5,47098
7/8/2020 15:00,10654.25,10691.25,10646.75,10683.5,29.25,12939
7/8/2020 18:00,10673.75,10685.75,10666.5,10681.25,7.5,2459
7/8/2020 19:00,10682.25,10694.5,10660.0,10673.25,-9.0,5464
7/8/2020 20:00,10673.75,10677.0,10652.0,10660.25,-13.5,6794
7/8/2020 21:00,10658.0,10661.25,10645.75,10656.0,-2.0,4889
7/8/2020 22:00,10655.75,10673.5,10650.5,10671.5,15.75,3967
7/8/2020 23:00,10671.25,10683.25,10668.75,10672.5,1.25,3703
7/9/2020 0:00,10672.0,10673.25,10652.25,10663.0,-9.0,5651
7/9/2020 1:00,10663.5,10670.5,10646.5,10666.5,3.0,5785
7/9/2020 2:00,10665.75,10674.0,10649.0,10672.75,7.0,8725
7/9/2020 3:00,10672.25,10688.25,10669.0,10683.25,11.0,6711
7/9/2020 4:00,10682.5,10714.25,10675.0,10707.5,25.0,8084
7/9/2020 5:00,10707.25,10712.25,10688.25,10690.25,-17.0,5796
7/9/2020 6:00,10691.0,10722.75,10690.25,10715.25,24.25,7820
7/9/2020 7:00,10712.5,10739.0,10704.25,10731.0,18.5,13692
7/9/2020 8:00,10727.0,10748.0,10689.0,10730.75,3.75,62214
7/9/2020 9:00,10731.25,10743.5,10596.75,10600.25,-131.0,95001
7/9/2020 10:00,10593.5,10633.0,10560.0,10617.25,23.75,112410
7/9/2020 11:00,10624.25,10689.25,10614.75,10676.75,52.5,55416
7/9/2020 12:00,10683.25,10720.5,10671.25,10675.75,-7.5,45088
7/9/2020 13:00,10680.5,10745.0,10672.25,10742.75,62.25,41620
7/9/2020 14:00,10745.5,10774.25,10689.5,10740.5,-5.0,73058
7/9/2020 15:00,10740.75,10754.5,10720.75,10732.25,-8.5,13313
7/9/2020 18:00,10731.75,10758.5,10730.0,10752.5,20.75,3319
7/9/2020 19:00,10754.5,10757.0,10701.0,10714.25,-40.25,7397
7/9/2020 20:00,10711.25,10723.5,10692.25,10707.5,-3.75,7540
7/9/2020 21:00,10706.5,10714.5,10688.0,10690.75,-15.75,4673
7/9/2020 22:00,10690.75,10698.0,10680.0,10693.25,2.5,2928
7/9/2020 23:00,10694.25,10698.0,10682.0,10683.0,-11.25,3103
7/10/2020 0:00,10681.5,10683.5,10650.25,10664.25,-17.25,8221
7/10/2020 1:00,10661.0,10680.25,10654.5,10665.25,4.25,9042
7/10/2020 2:00,10662.75,10686.25,10657.0,10683.0,20.25,11698
7/10/2020 3:00,10687.0,10710.0,10679.25,10688.5,1.5,13775
7/10/2020 4:00,10689.5,10711.5,10677.75,10706.25,16.75,8858
7/10/2020 5:00,10706.75,10714.25,10692.0,10706.75,0.0,5528
7/10/2020 6:00,10707.25,10724.75,10687.0,10693.75,-13.5,9721
7/10/2020 7:00,10692.75,10741.0,10671.0,10722.25,29.5,21820
7/10/2020 8:00,10722.5,10750.5,10657.0,10676.5,-46.0,87932
7/10/2020 9:00,10674.25,10733.25,10625.5,10710.25,36.0,91793
7/10/2020 10:00,10714.25,10748.25,10692.75,10738.25,24.0,53274
7/10/2020 11:00,10741.25,10745.25,10713.25,10738.5,-2.75,42623
7/10/2020 12:00,10740.75,10776.75,10733.75,10765.0,24.25,33773
7/10/2020 13:00,10769.0,10790.0,10752.0,10787.5,18.5,27649
7/10/2020 14:00,10791.75,10829.5,10778.0,10828.0,36.25,44105
7/10/2020 15:00,10821.25,10899.75,10817.5,10895.0,73.75,15757
7/12/2020 18:00,10897.25,10901.75,10875.75,10878.25,-19.0,3909
7/12/2020 19:00,10877.0,10889.5,10858.25,10889.0,12.0,6660
7/12/2020 20:00,10891.75,10899.75,10879.25,10894.0,2.25,6528
7/12/2020 21:00,10892.25,10896.5,10878.75,10879.75,-12.5,4363
7/12/2020 22:00,10880.75,10883.75,10871.0,10878.5,-2.25,3340
7/12/2020 23:00,10878.5,10882.75,10873.0,10881.5,3.0,2134
7/13/2020 0:00,10879.25,10901.25,10878.5,10898.5,19.25,4137
7/13/2020 1:00,10898.5,10917.0,10895.5,10900.25,1.75,7410
7/13/2020 2:00,10897.25,10903.75,10884.25,10889.0,-8.25,10871
7/13/2020 3:00,10886.5,10891.0,10866.0,10882.5,-4.0,9202
7/13/2020 4:00,10884.75,10897.0,10872.75,10894.75,10.0,7566
7/13/2020 5:00,10895.25,10910.25,10888.75,10907.75,12.5,6932
7/13/2020 6:00,10907.75,10941.0,10906.25,10938.0,30.25,10537
7/13/2020 7:00,10940.0,10951.75,10928.0,10937.75,-2.25,9914
7/13/2020 8:00,10936.25,10997.0,10929.5,10982.25,46.0,65545
7/13/2020 9:00,10965.0,11029.0,10943.25,11024.75,59.75,71132
7/13/2020 10:00,11027.75,11058.5,11015.5,11027.75,0.0,60180
7/13/2020 11:00,11032.75,11041.75,10971.25,10981.5,-51.25,42374
7/13/2020 12:00,10966.25,11015.0,10949.75,10951.5,-14.75,51680
7/13/2020 13:00,10945.75,10957.75,10780.5,10875.25,-70.5,125841
7/13/2020 14:00,10870.5,10874.0,10561.5,10597.75,-272.75,166370
7/13/2020 15:00,10599.0,10639.0,10567.5,10632.0,33.0,28624
7/13/2020 18:00,10633.0,10661.0,10632.75,10644.25,11.25,5392
7/13/2020 19:00,10645.25,10653.75,10619.5,10638.25,-7.0,8435
7/13/2020 20:00,10644.75,10654.5,10610.5,10653.75,9.0,7835
7/13/2020 21:00,10652.0,10659.0,10617.75,10625.0,-27.0,7058
7/13/2020 22:00,10626.75,10642.0,10618.75,10625.25,-1.5,3441
7/13/2020 23:00,10627.0,10629.0,10613.75,10624.75,-2.25,3667
7/14/2020 0:00,10623.5,10637.25,10617.25,10618.0,-5.5,4076
7/14/2020 1:00,10615.5,10693.0,10615.5,10674.5,59.0,13283
7/14/2020 2:00,10673.75,10679.0,10585.0,10599.75,-74.0,20859
7/14/2020 3:00,10596.0,10653.25,10596.0,10634.75,38.75,13162
7/14/2020 4:00,10636.75,10650.0,10614.75,10631.0,-5.75,9404
7/14/2020 5:00,10632.0,10638.75,10604.25,10611.5,-20.5,9707
7/14/2020 6:00,10613.75,10673.5,10591.0,10662.0,48.25,19480
7/14/2020 7:00,10658.25,10667.5,10503.0,10516.25,-142.0,38682
7/14/2020 8:00,10509.75,10629.25,10386.75,10473.75,-36.0,153637
7/14/2020 9:00,10473.0,10570.75,10358.75,10512.75,39.75,170051
7/14/2020 10:00,10502.75,10602.0,10463.25,10559.75,57.0,116153
7/14/2020 11:00,10559.5,10609.0,10517.5,10532.75,-26.75,61839
7/14/2020 12:00,10527.75,10623.0,10488.25,10588.5,60.75,65374
7/14/2020 13:00,10590.5,10636.25,10573.75,10613.75,23.25,59621
7/14/2020 14:00,10610.75,10689.25,10525.5,10686.75,76.0,78689
7/14/2020 15:00,10672.75,10739.5,10636.0,10710.75,38.0,18356
7/14/2020 18:00,10716.25,10720.0,10705.5,10716.25,0.0,3731
7/14/2020 19:00,10717.25,10736.0,10712.25,10716.25,-1.0,6376
7/14/2020 20:00,10718.5,10724.75,10695.5,10705.0,-13.5,5673
7/14/2020 21:00,10705.0,10713.5,10676.0,10690.25,-14.75,4879
7/14/2020 22:00,10689.25,10689.75,10661.5,10676.75,-12.5,5388
7/14/2020 23:00,10676.5,10695.5,10668.0,10693.25,16.75,4398
7/15/2020 0:00,10693.75,10704.5,10683.0,10698.75,5.0,4208
7/15/2020 1:00,10699.0,10713.0,10689.0,10694.0,-5.0,5696
7/15/2020 2:00,10691.0,10703.75,10670.75,10690.5,-0.5,10576
7/15/2020 3:00,10691.0,10707.25,10686.5,10691.0,0.0,7943
7/15/2020 4:00,10687.75,10697.75,10666.5,10676.5,-11.25,7896
7/15/2020 5:00,10676.25,10732.25,10674.5,10729.75,53.5,14890
7/15/2020 6:00,10731.0,10755.0,10705.5,10719.5,-11.5,16871
7/15/2020 7:00,10716.5,10734.75,10694.0,10719.75,3.25,23013
7/15/2020 8:00,10723.5,10766.5,10677.25,10689.5,-34.0,100907
7/15/2020 9:00,10707.5,10758.75,10686.75,10719.5,12.0,92246
7/15/2020 10:00,10704.25,10711.0,10587.25,10604.5,-99.75,102552
7/15/2020 11:00,10573.75,10649.75,10551.25,10646.0,72.25,77838
7/15/2020 12:00,10645.75,10673.0,10617.25,10644.5,-1.25,47804
7/15/2020 13:00,10645.5,10711.5,10631.0,10667.75,22.25,59616
7/15/2020 14:00,10657.25,10701.0,10621.75,10684.75,27.5,65869
7/15/2020 15:00,10687.0,10696.0,10678.0,10695.25,8.25,9641
7/15/2020 18:00,10635.75,10654.25,10635.75,10647.5,11.75,3036
7/15/2020 19:00,10646.25,10647.75,10605.25,10613.5,-32.75,8112
7/15/2020 20:00,10616.5,10636.5,10600.25,10627.5,11.0,6613
7/15/2020 21:00,10627.25,10639.25,10577.75,10594.75,-32.5,8885
7/15/2020 22:00,10591.25,10598.25,10575.5,10593.0,1.75,2942
7/15/2020 23:00,10595.25,10619.0,10594.75,10608.5,13.25,3629
7/16/2020 0:00,10606.75,10610.75,10578.25,10595.5,-11.25,6400
7/16/2020 1:00,10602.5,10619.0,10582.5,10586.5,-16.0,7188
7/16/2020 2:00,10583.5,10601.25,10567.0,10579.75,-3.75,12572
7/16/2020 3:00,10580.75,10590.25,10522.0,10540.75,-40.0,13847
7/16/2020 4:00,10536.75,10538.0,10496.5,10518.0,-18.75,13805
7/16/2020 5:00,10515.0,10546.5,10485.0,10534.75,19.75,13946
7/16/2020 6:00,10535.5,10565.5,10520.5,10542.25,6.75,10204
7/16/2020 7:00,10545.5,10563.5,10516.0,10555.25,9.75,15657
7/16/2020 8:00,10556.25,10599.75,10537.5,10556.75,0.5,83289
7/16/2020 9:00,10555.25,10568.5,10501.5,10511.75,-43.5,94821
7/16/2020 10:00,10511.0,10539.25,10475.5,10535.75,24.75,79002
7/16/2020 11:00,10542.25,10573.0,10520.25,10557.25,15.0,41783
7/16/2020 12:00,10557.75,10611.5,10555.25,10589.0,31.25,50342
7/16/2020 13:00,10586.5,10624.75,10571.25,10571.5,-15.0,38744
7/16/2020 14:00,10573.0,10646.0,10564.5,10605.5,32.5,59801
7/16/2020 15:00,10613.5,10618.0,10506.0,10539.0,-74.5,19755
7/16/2020 18:00,10560.5,10570.25,10555.5,10569.0,8.5,1984
7/16/2020 19:00,10567.75,10587.75,10566.0,10585.5,17.75,5324
7/16/2020 20:00,10587.0,10590.75,10561.0,10586.0,-1.0,7134
7/16/2020 21:00,10585.5,10607.75,10580.25,10596.0,10.5,4440
7/16/2020 22:00,10591.5,10595.25,10584.25,10592.5,1.0,2854
7/16/2020 23:00,10592.75,10601.25,10586.0,10592.25,-0.5,2524
7/17/2020 0:00,10590.75,10594.5,10575.5,10584.25,-6.5,3454
7/17/2020 1:00,10586.25,10595.75,10572.5,10583.75,-2.5,4822
7/17/2020 2:00,10581.0,10599.5,10576.75,10578.75,-2.25,8346
7/17/2020 3:00,10576.75,10618.25,10566.0,10613.5,36.75,8986
7/17/2020 4:00,10612.0,10623.0,10601.0,10605.0,-7.0,7134
7/17/2020 5:00,10605.5,10622.25,10604.0,10615.25,9.75,4960
7/17/2020 6:00,10614.5,10617.25,10595.0,10609.5,-5.0,7448
7/17/2020 7:00,10611.0,10629.5,10607.25,10618.75,7.75,13458
7/17/2020 8:00,10618.75,10658.25,10567.25,10607.0,-11.75,71521
7/17/2020 9:00,10604.0,10614.25,10537.5,10594.25,-9.75,71737
7/17/2020 10:00,10593.0,10622.0,10579.75,10611.75,18.75,44422
7/17/2020 11:00,10613.25,10630.25,10598.0,10603.0,-10.25,28739
7/17/2020 12:00,10607.5,10622.5,10588.0,10607.25,-0.25,34539
7/17/2020 13:00,10605.25,10661.5,10604.75,10654.0,48.75,32074
7/17/2020 14:00,10649.0,10669.75,10621.75,10629.75,-19.25,50286
7/17/2020 15:00,10629.75,10651.5,10613.25,10645.5,15.75,11757
7/19/2020 18:00,10640.75,10651.75,10631.5,10647.5,6.75,3178
7/19/2020 19:00,10647.25,10650.0,10631.5,10634.25,-13.0,3643
7/19/2020 20:00,10635.75,10638.0,10552.0,10568.5,-67.25,13841
7/19/2020 21:00,10564.0,10578.5,10559.25,10568.75,4.75,6502
7/19/2020 22:00,10569.25,10595.0,10565.25,10590.0,20.75,4320
7/19/2020 23:00,10589.25,10592.0,10578.25,10582.75,-6.5,2910
7/20/2020 0:00,10584.0,10586.5,10567.5,10579.75,-4.25,5063
7/20/2020 1:00,10581.25,10586.25,10556.25,10570.0,-11.25,5242
7/20/2020 2:00,10567.5,10573.25,10546.25,10571.5,4.0,10256
7/20/2020 3:00,10571.75,10609.25,10562.75,10603.75,32.0,9467
7/20/2020 4:00,10603.5,10637.25,10603.5,10631.75,28.25,9219
7/20/2020 5:00,10629.75,10632.75,10615.75,10629.25,-0.5,5356
7/20/2020 6:00,10629.25,10666.0,10626.75,10654.25,25.0,9282
7/20/2020 7:00,10654.25,10675.0,10643.25,10667.75,13.5,13341
7/20/2020 8:00,10666.75,10695.0,10605.75,10681.25,14.5,75224
7/20/2020 9:00,10682.5,10776.25,10670.5,10749.0,66.5,81438
7/20/2020 10:00,10754.75,10812.0,10746.25,10800.5,45.75,44225
7/20/2020 11:00,10805.25,10829.75,10785.75,10823.5,18.25,37061
7/20/2020 12:00,10831.5,10863.5,10826.5,10846.75,15.25,30799
7/20/2020 13:00,10846.0,10894.25,10843.0,10891.5,45.5,31572
7/20/2020 14:00,10891.25,10964.5,10887.75,10951.5,60.25,62901
7/20/2020 15:00,10936.25,10973.75,10934.5,10955.0,18.75,12529
7/20/2020 18:00,10939.75,10959.0,10936.0,10948.75,9.0,2865
7/20/2020 19:00,10949.75,10993.0,10942.75,10989.0,39.25,7940
7/20/2020 20:00,10988.0,11009.5,10976.75,10983.75,-4.25,9518
7/20/2020 21:00,10985.0,11000.5,10982.0,10995.0,10.0,4961
7/20/2020 22:00,10994.5,11014.5,10984.0,11012.0,17.5,3939
7/20/2020 23:00,11012.5,11021.0,11005.75,11013.25,0.75,3672
7/21/2020 0:00,11014.0,11056.0,11007.25,11049.25,35.25,6941
7/21/2020 1:00,11048.25,11055.5,11032.0,11041.5,-6.75,6561
7/21/2020 2:00,11038.5,11052.75,11021.0,11042.5,4.0,12032
7/21/2020 3:00,11043.0,11058.0,11037.75,11044.0,1.0,5513
7/21/2020 4:00,11044.0,11054.5,11029.25,11046.25,2.25,5236
7/21/2020 5:00,11046.5,11056.5,11031.25,11035.5,-11.0,5513
7/21/2020 6:00,11035.75,11052.0,11020.25,11040.0,4.25,9084
7/21/2020 7:00,11041.25,11044.5,11016.0,11022.0,-19.25,10083
7/21/2020 8:00,11019.0,11019.5,10905.75,10949.5,-69.5,92513
7/21/2020 9:00,10943.5,10955.5,10861.25,10901.0,-42.5,99102
7/21/2020 10:00,10898.75,10912.75,10831.0,10845.25,-53.5,64864
7/21/2020 11:00,10849.75,10867.5,10828.0,10865.25,15.5,44390
7/21/2020 12:00,10868.5,10912.5,10832.5,10901.75,33.25,38222
7/21/2020 13:00,10899.5,10934.75,10888.75,10904.25,4.75,38918
7/21/2020 14:00,10900.25,10904.75,10784.75,10812.0,-88.25,83620
7/21/2020 15:00,10823.5,10862.0,10820.25,10850.0,26.5,12816
7/21/2020 18:00,10880.75,10882.5,10867.0,10871.0,-9.75,3181
7/21/2020 19:00,10873.75,10880.75,10848.5,10854.5,-19.25,5545
7/21/2020 20:00,10850.0,10881.0,10845.5,10879.0,29.0,4500
7/21/2020 21:00,10878.5,10916.25,10873.75,10910.0,31.5,5593
7/21/2020 22:00,10910.0,10912.5,10890.75,10894.75,-15.25,3757
7/21/2020 23:00,10895.0,10896.0,10850.0,10856.0,-39.0,5022
7/22/2020 0:00,10854.0,10864.25,10844.75,10860.0,6.0,4644
7/22/2020 1:00,10859.0,10863.75,10843.0,10860.75,1.75,4919
7/22/2020 2:00,10862.0,10876.0,10803.75,10815.75,-46.25,15084
7/22/2020 3:00,10811.0,10819.5,10782.5,10802.25,-8.75,11926
7/22/2020 4:00,10800.5,10841.75,10781.75,10834.25,33.75,12824
7/22/2020 5:00,10833.25,10875.5,10830.25,10870.5,37.25,9056
7/22/2020 6:00,10867.0,10883.75,10861.75,10862.0,-5.0,6891
7/22/2020 7:00,10860.75,10880.25,10843.0,10863.25,2.5,11851
7/22/2020 8:00,10866.0,10895.75,10821.5,10881.0,15.0,67593
7/22/2020 9:00,10876.5,10899.25,10785.25,10800.0,-76.5,70655
7/22/2020 10:00,10799.5,10841.5,10761.25,10830.75,31.25,58326
7/22/2020 11:00,10832.5,10861.5,10813.75,10828.0,-4.5,36522
7/22/2020 12:00,10829.25,10841.75,10784.0,10790.5,-38.75,34108
7/22/2020 13:00,10787.25,10829.75,10785.0,10822.5,35.25,36815
7/22/2020 14:00,10817.0,10877.0,10814.75,10858.75,41.75,43325
7/22/2020 15:00,10859.75,10875.0,10795.25,10853.0,-6.75,18437
7/22/2020 18:00,10847.75,10852.25,10826.5,10830.5,-17.25,2342
7/22/2020 19:00,10822.0,10840.0,10806.0,10818.0,-4.0,4181
7/22/2020 20:00,10817.75,10852.5,10810.0,10849.5,31.75,5142
7/22/2020 21:00,10849.0,10849.0,10806.25,10815.75,-33.25,4685
7/22/2020 22:00,10814.75,10841.75,10814.25,10835.0,20.25,2902
7/22/2020 23:00,10834.25,10843.5,10826.25,10838.5,4.25,2124
7/23/2020 0:00,10837.25,10844.75,10828.75,10839.5,2.25,2271
7/23/2020 1:00,10839.5,10938.5,10836.75,10916.75,77.25,12151
7/23/2020 2:00,10914.0,10919.75,10891.75,10913.75,-0.25,6041
7/23/2020 3:00,10916.0,10921.5,10887.0,10891.5,-24.5,6690
7/23/2020 4:00,10889.75,10909.5,10883.0,10892.75,3.0,5158
7/23/2020 5:00,10895.5,10909.0,10887.0,10891.75,-3.75,4046
7/23/2020 6:00,10893.75,10901.5,10866.5,10880.75,-13.0,6364
7/23/2020 7:00,10878.75,10880.75,10841.5,10848.5,-30.25,12346
7/23/2020 8:00,10844.25,10871.75,10799.0,10844.25,0.0,58740
7/23/2020 9:00,10843.5,10855.5,10770.25,10809.5,-34.0,76289
7/23/2020 10:00,10811.75,10829.0,10785.75,10791.75,-20.0,47472
7/23/2020 11:00,10792.75,10793.25,10650.25,10687.25,-105.5,81662
7/23/2020 12:00,10688.75,10718.25,10572.5,10598.0,-90.75,77896
7/23/2020 13:00,10604.25,10607.0,10514.5,10577.25,-27.0,107224
7/23/2020 14:00,10584.25,10594.0,10532.0,10559.5,-24.75,79411
7/23/2020 15:00,10571.75,10586.75,10526.0,10584.0,12.25,17271
7/23/2020 18:00,10590.0,10592.5,10573.25,10581.75,-8.25,3753
7/23/2020 19:00,10581.75,10595.75,10574.0,10593.5,11.75,3808
7/23/2020 20:00,10595.25,10597.0,10547.5,10570.0,-25.25,5384
7/23/2020 21:00,10569.0,10569.25,10542.0,10550.75,-18.25,3764
7/23/2020 22:00,10552.5,10557.75,10450.25,10468.25,-84.25,13162
7/23/2020 23:00,10471.0,10512.25,10453.25,10496.5,25.5,7757
7/24/2020 0:00,10494.0,10498.0,10464.0,10477.0,-17.0,7780
7/24/2020 1:00,10478.5,10489.0,10430.25,10431.5,-47.0,10041
7/24/2020 2:00,10426.5,10445.75,10377.25,10413.75,-12.75,19705
7/24/2020 3:00,10415.5,10440.75,10410.25,10433.5,18.0,9631
7/24/2020 4:00,10436.5,10467.0,10424.5,10466.5,30.0,7865
7/24/2020 5:00,10466.25,10484.0,10443.5,10467.5,1.25,10690
7/24/2020 6:00,10468.75,10498.0,10410.5,10447.75,-21.0,16024
7/24/2020 7:00,10446.0,10466.75,10432.25,10450.0,4.0,16489
7/24/2020 8:00,10445.25,10454.5,10301.0,10383.0,-62.25,101779
7/24/2020 9:00,10382.0,10497.0,10374.25,10488.75,106.75,94228
7/24/2020 10:00,10501.5,10531.0,10471.5,10502.0,0.5,68989
7/24/2020 11:00,10508.75,10511.0,10420.25,10426.5,-82.25,60196
7/24/2020 12:00,10430.5,10485.5,10381.25,10468.5,38.0,54190
7/24/2020 13:00,10473.25,10511.75,10454.75,10475.25,2.0,45340
7/24/2020 14:00,10477.5,10504.75,10428.0,10468.5,-9.0,61248
7/24/2020 15:00,10469.75,10517.5,10454.0,10477.75,8.0,13193
7/26/2020 18:00,10444.25,10454.0,10401.0,10443.5,-0.75,6609
7/26/2020 19:00,10440.25,10510.0,10433.25,10490.5,50.25,5925
7/26/2020 20:00,10490.0,10517.25,10484.25,10499.25,9.25,5907
7/26/2020 21:00,10497.5,10543.25,10472.25,10532.75,35.25,6520
7/26/2020 22:00,10533.25,10539.25,10514.25,10532.75,-0.5,4332
7/26/2020 23:00,10529.5,10542.25,10526.0,10528.75,-0.75,2571
7/27/2020 0:00,10527.5,10532.0,10508.25,10512.0,-15.5,4052
7/27/2020 1:00,10510.0,10532.5,10506.5,10528.0,18.0,6593
7/27/2020 2:00,10526.75,10530.25,10494.25,10512.0,-14.75,9933
7/27/2020 3:00,10518.75,10530.0,10511.25,10518.25,-0.5,4479
7/27/2020 4:00,10519.5,10552.0,10516.25,10548.75,29.25,5516
7/27/2020 5:00,10546.75,10586.25,10536.75,10566.25,19.5,8844
7/27/2020 6:00,10568.75,10576.0,10548.5,10572.25,3.5,7664
7/27/2020 7:00,10575.0,10575.0,10537.25,10550.0,-25.0,11337
7/27/2020 8:00,10548.75,10629.5,10513.75,10613.75,65.0,66694
7/27/2020 9:00,10620.0,10635.75,10573.0,10590.5,-29.5,62987
7/27/2020 10:00,10597.75,10602.5,10511.5,10559.75,-38.0,54484
7/27/2020 11:00,10558.75,10594.0,10548.5,10588.0,29.25,31566
7/27/2020 12:00,10591.75,10614.75,10589.75,10608.0,16.25,20880
7/27/2020 13:00,10610.25,10655.25,10608.5,10625.25,15.0,38813
7/27/2020 14:00,10626.25,10679.5,10625.25,10662.25,36.0,50661
7/27/2020 15:00,10660.5,10696.75,10657.25,10691.25,30.75,8742
7/27/2020 18:00,10698.0,10707.0,10681.75,10699.0,1.0,3610
7/27/2020 19:00,10699.0,10735.25,10692.5,10731.5,32.5,5183
7/27/2020 20:00,10732.25,10758.5,10732.0,10741.5,9.25,9195
7/27/2020 21:00,10741.75,10754.75,10733.75,10743.0,1.25,4408
7/27/2020 22:00,10739.5,10740.0,10685.0,10693.5,-46.0,8798
7/27/2020 23:00,10696.5,10712.25,10688.5,10705.75,9.25,3711
7/28/2020 0:00,10703.0,10705.25,10681.0,10690.0,-13.0,3870
7/28/2020 1:00,10693.25,10719.25,10685.25,10706.0,12.75,4422
7/28/2020 2:00,10700.25,10716.0,10669.0,10683.75,-16.5,8608
7/28/2020 3:00,10681.25,10687.25,10653.75,10678.5,-2.75,6538
7/28/2020 4:00,10681.25,10686.25,10625.25,10635.0,-46.25,7913
7/28/2020 5:00,10637.75,10652.75,10615.25,10651.5,13.75,7070
7/28/2020 6:00,10652.25,10662.25,10601.0,10617.75,-34.5,10949
7/28/2020 7:00,10611.0,10646.75,10606.5,10643.75,32.75,10744
7/28/2020 8:00,10643.5,10646.75,10557.25,10585.5,-58.0,68443
7/28/2020 9:00,10587.75,10631.25,10573.0,10625.75,38.0,63721
7/28/2020 10:00,10625.25,10651.75,10590.75,10619.0,-6.25,42800
7/28/2020 11:00,10615.25,10635.5,10592.5,10631.0,15.75,33501
7/28/2020 12:00,10630.75,10650.75,10612.5,10638.75,8.0,23334
7/28/2020 13:00,10637.5,10638.75,10595.25,10602.75,-34.75,32995
7/28/2020 14:00,10599.25,10603.25,10514.0,10523.5,-75.75,56643
7/28/2020 15:00,10526.0,10574.25,10525.0,10564.5,38.5,10810
7/28/2020 18:00,10565.75,10568.5,10548.0,10563.25,-2.5,2253
7/28/2020 19:00,10563.25,10580.0,10544.25,10576.0,12.75,4765
7/28/2020 20:00,10574.75,10577.5,10525.0,10544.0,-30.75,5459
7/28/2020 21:00,10547.25,10555.75,10536.75,10542.75,-4.5,4472
7/28/2020 22:00,10543.25,10559.25,10538.0,10550.0,6.75,3227
7/28/2020 23:00,10552.0,10554.75,10512.25,10520.25,-31.75,3587
7/29/2020 0:00,10523.0,10545.5,10517.75,10543.25,20.25,3284
7/29/2020 1:00,10545.25,10573.5,10541.25,10571.75,26.5,5494
7/29/2020 2:00,10570.25,10606.25,10570.25,10591.25,21.0,9398
7/29/2020 3:00,10591.75,10594.0,10572.75,10582.75,-9.0,5990
7/29/2020 4:00,10582.75,10589.5,10564.25,10588.5,5.75,3816
7/29/2020 5:00,10586.75,10602.0,10584.75,10587.5,0.75,3344
7/29/2020 6:00,10585.0,10599.75,10579.25,10596.0,11.0,4524
7/29/2020 7:00,10596.25,10617.5,10581.5,10596.25,0.0,12726
7/29/2020 8:00,10597.75,10611.5,10571.0,10601.5,3.75,47562
7/29/2020 9:00,10599.75,10645.25,10597.25,10637.5,37.75,44179
7/29/2020 10:00,10638.0,10641.5,10618.25,10627.75,-10.25,25295
7/29/2020 11:00,10623.75,10633.75,10583.25,10624.0,0.25,31771
7/29/2020 12:00,10624.25,10632.0,10606.0,10614.0,-10.25,16481
7/29/2020 13:00,10615.25,10684.5,10598.25,10647.0,31.75,44871
7/29/2020 14:00,10638.25,10674.25,10609.25,10643.75,5.5,60769
7/29/2020 15:00,10650.0,10702.0,10639.0,10693.0,43.0,12518
7/29/2020 18:00,10679.25,10689.0,10675.0,10678.75,-0.5,2068
7/29/2020 19:00,10679.5,10681.5,10657.5,10670.0,-9.5,4214
7/29/2020 20:00,10672.0,10677.25,10651.75,10655.0,-17.0,5356
7/29/2020 21:00,10658.25,10672.5,10653.75,10670.0,11.75,2969
7/29/2020 22:00,10670.5,10681.0,10666.25,10674.25,3.75,3172
7/29/2020 23:00,10674.5,10678.0,10656.5,10663.75,-10.75,2900
7/30/2020 0:00,10663.75,10665.75,10645.75,10657.0,-6.75,3290
7/30/2020 1:00,10658.5,10665.5,10627.75,10631.25,-27.25,5834
7/30/2020 2:00,10629.0,10635.0,10546.25,10561.75,-67.25,17493
7/30/2020 3:00,10565.0,10575.0,10526.25,10529.25,-35.75,8927
7/30/2020 4:00,10530.25,10589.75,10520.25,10576.0,45.75,11657
7/30/2020 5:00,10578.0,10581.25,10502.75,10522.0,-56.0,10413
7/30/2020 6:00,10528.0,10598.0,10528.0,10584.25,56.25,11785
7/30/2020 7:00,10584.0,10593.75,10536.25,10542.25,-41.75,17565
7/30/2020 8:00,10540.75,10621.25,10520.5,10541.25,0.5,67064
7/30/2020 9:00,10543.75,10599.0,10515.0,10588.75,45.0,75404
7/30/2020 10:00,10592.0,10672.0,10578.75,10653.0,61.0,57752
7/30/2020 11:00,10655.5,10707.0,10646.5,10685.0,29.5,48150
7/30/2020 12:00,10687.25,10718.75,10674.0,10707.0,19.75,31760
7/30/2020 13:00,10708.75,10723.0,10675.0,10705.25,-3.5,36178
7/30/2020 14:00,10711.0,10727.5,10683.75,10705.75,-5.25,50961
7/30/2020 15:00,10705.0,10927.0,10688.0,10902.75,197.75,35094
7/30/2020 18:00,10887.25,10911.75,10881.0,10905.0,17.75,4514
7/30/2020 19:00,10905.25,10916.5,10886.25,10903.0,-2.25,6568
7/30/2020 20:00,10897.75,10939.0,10890.75,10933.0,35.25,6358
7/30/2020 21:00,10934.0,10935.75,10905.25,10912.5,-21.5,5475
7/30/2020 22:00,10903.25,10914.0,10892.25,10904.75,1.5,4395
7/30/2020 23:00,10906.5,10909.0,10862.0,10872.75,-33.75,5944
7/31/2020 0:00,10874.0,10885.25,10843.75,10855.75,-18.25,7140
7/31/2020 1:00,10856.5,10919.5,10856.5,10908.25,51.75,8053
7/31/2020 2:00,10914.0,10923.75,10877.25,10885.75,-28.25,10295
7/31/2020 3:00,10885.75,10917.5,10878.5,10907.75,22.0,6882
7/31/2020 4:00,10904.25,10921.25,10879.0,10882.5,-21.75,5933
7/31/2020 5:00,10879.0,10899.0,10876.0,10892.75,13.75,3623
7/31/2020 6:00,10887.75,10917.75,10885.25,10916.0,28.25,6721
7/31/2020 7:00,10914.75,10933.5,10903.75,10904.5,-10.25,13472
7/31/2020 8:00,10903.75,10909.25,10780.0,10819.5,-84.25,87203
7/31/2020 9:00,10824.75,10827.0,10714.5,10772.5,-52.25,98550
7/31/2020 10:00,10780.5,10830.25,10770.5,10779.25,-1.25,67011
7/31/2020 11:00,10786.5,10793.0,10691.0,10704.25,-82.25,68641
7/31/2020 12:00,10708.5,10771.25,10702.75,10755.75,47.25,50587
7/31/2020 13:00,10747.5,10806.5,10713.0,10799.75,52.25,45324
7/31/2020 14:00,10800.25,10878.75,10789.75,10876.5,76.25,70194
7/31/2020 15:00,10898.0,10942.0,10892.0,10904.5,6.5,17030
8/2/2020 18:00,10910.75,10920.0,10882.25,10913.0,2.25,3140
8/2/2020 19:00,10913.25,10933.0,10893.25,10924.75,11.5,4977
8/2/2020 20:00,10926.75,10955.0,10918.25,10949.5,22.75,6094
8/2/2020 21:00,10950.0,10950.75,10926.0,10936.5,-13.5,4357
8/2/2020 22:00,10937.75,10941.25,10918.25,10920.0,-17.75,2945
8/2/2020 23:00,10922.75,10934.0,10910.25,10930.25,7.5,2729
8/3/2020 0:00,10931.0,10947.0,10925.5,10933.0,2.0,2325
8/3/2020 1:00,10934.0,10939.5,10920.75,10929.75,-4.25,3560
8/3/2020 2:00,10927.75,10937.25,10899.5,10930.25,2.5,6769
8/3/2020 3:00,10934.5,10954.75,10921.25,10936.75,2.25,6157
8/3/2020 4:00,10937.5,10949.25,10927.5,10946.0,8.5,3914
8/3/2020 5:00,10945.0,10992.0,10940.75,10989.0,44.0,7404
8/3/2020 6:00,10991.25,11004.75,10983.25,10992.5,1.25,8106
8/3/2020 7:00,10994.5,10998.75,10979.0,10990.5,-4.0,9319
8/3/2020 8:00,10990.25,11050.0,10971.5,11027.25,37.0,59577
8/3/2020 9:00,11032.25,11067.75,10991.25,11011.5,-20.75,70854
8/3/2020 10:00,11009.75,11050.75,11003.0,11047.25,37.5,38622
8/3/2020 11:00,11052.75,11056.25,11029.5,11041.25,-11.5,24868
8/3/2020 12:00,11042.5,11057.5,11022.25,11034.25,-8.25,22794
8/3/2020 13:00,11037.75,11073.0,11024.75,11066.5,28.75,29603
8/3/2020 14:00,11061.25,11067.25,11016.5,11047.5,-13.75,45783
8/3/2020 15:00,11038.0,11054.75,11025.0,11039.25,1.25,10913
8/3/2020 19:00,11035.5,11053.5,11026.75,11044.25,8.75,2752
8/3/2020 20:00,11044.5,11072.0,11039.0,11050.75,6.25,4976
8/3/2020 21:00,11051.25,11062.75,11045.5,11052.0,0.75,1831
8/3/2020 22:00,11052.25,11054.75,11036.0,11048.25,-4.0,2237
8/3/2020 23:00,11049.25,11059.0,11044.5,11053.75,4.5,1490
8/4/2020 0:00,11054.75,11063.5,11049.25,11058.25,3.5,2410
8/4/2020 1:00,11058.5,11090.0,11041.0,11081.75,23.25,8180
8/4/2020 2:00,11080.75,11092.0,11011.25,11015.75,-65.0,14120
8/4/2020 3:00,11014.0,11022.25,10986.5,11005.75,-8.25,13048
8/4/2020 4:00,11008.0,11019.0,11000.5,11009.0,1.0,5860
8/4/2020 5:00,11005.5,11017.0,10998.0,11014.0,8.5,4709
8/4/2020 6:00,11012.5,11028.25,10993.0,10997.0,-15.5,9529
8/4/2020 7:00,10996.5,11010.0,10983.0,11003.25,6.75,13885
8/4/2020 8:00,11002.75,11066.25,10997.25,11061.25,58.5,55580
8/4/2020 9:00,11060.0,11082.0,11047.0,11057.25,-2.75,55057
8/4/2020 10:00,11050.25,11058.0,11017.25,11043.75,-6.5,46731
8/4/2020 11:00,11043.75,11047.0,11007.75,11028.25,-15.5,27840
8/4/2020 12:00,11027.0,11063.25,11013.0,11057.5,30.5,25067
8/4/2020 13:00,11057.5,11063.75,10988.0,11022.25,-35.25,38382
8/4/2020 14:00,11026.5,11074.25,11018.25,11070.25,43.75,36551
8/4/2020 15:00,11084.0,11094.75,11067.0,11072.0,-12.0,12835
8/4/2020 18:00,11079.0,11083.5,11073.25,11074.0,-5.0,1252
8/4/2020 19:00,11073.25,11082.0,11058.5,11066.0,-7.25,4821
8/4/2020 20:00,11072.25,11073.25,11055.75,11064.0,-8.25,4749
8/4/2020 21:00,11063.75,11090.25,11061.5,11087.5,23.75,3951
8/4/2020 22:00,11087.25,11102.5,11082.75,11096.5,9.25,3790
8/4/2020 23:00,11097.75,11103.0,11091.25,11092.75,-5.0,2800
8/5/2020 0:00,11093.5,11105.75,11088.75,11103.0,9.5,3264
8/5/2020 1:00,11100.0,11125.75,11093.75,11123.25,23.25,6133
8/5/2020 2:00,11125.5,11136.5,11116.0,11132.25,6.75,9674
8/5/2020 3:00,11133.75,11138.0,11102.5,11126.0,-7.75,8610
8/5/2020 4:00,11126.5,11144.0,11120.75,11138.75,12.25,5378
8/5/2020 5:00,11136.5,11140.0,11110.0,11114.75,-21.75,5215
8/5/2020 6:00,11115.5,11132.75,11111.25,11122.5,7.0,5828
8/5/2020 7:00,11125.0,11126.0,11083.0,11088.75,-36.25,14060
8/5/2020 8:00,11087.25,11113.5,11064.5,11106.75,19.5,58420
8/5/2020 9:00,11109.25,11127.5,11088.0,11100.25,-9.0,56512
8/5/2020 10:00,11100.75,11128.5,11084.75,11094.75,-6.0,40224
8/5/2020 11:00,11090.5,11114.25,11090.5,11100.25,9.75,26508
8/5/2020 12:00,11102.25,11118.5,11098.75,11111.25,9.0,16942
8/5/2020 13:00,11112.0,11122.0,11097.0,11107.0,-5.0,19597
8/5/2020 14:00,11109.25,11117.0,11070.0,11113.0,3.75,33826
8/5/2020 15:00,11111.25,11112.75,11085.0,11091.25,-20.0,8084
8/5/2020 19:00,11088.5,11117.75,11086.0,11114.0,25.5,4190
8/5/2020 20:00,11115.25,11126.25,11106.75,11108.75,-6.5,5868
8/5/2020 21:00,11109.25,11111.0,11081.5,11082.0,-27.25,6740
8/5/2020 22:00,11081.25,11096.5,11079.0,11084.0,2.75,4043
8/5/2020 23:00,11082.5,11088.75,11068.5,11084.5,2.0,3955
8/6/2020 0:00,11083.5,11096.25,11080.0,11088.75,5.25,3997
8/6/2020 1:00,11085.5,11100.75,11082.5,11087.0,1.5,4474
8/6/2020 2:00,11092.75,11128.5,11083.5,11103.5,10.75,10427
8/6/2020 3:00,11102.75,11102.75,11081.5,11091.75,-11.0,7395
8/6/2020 4:00,11090.0,11101.75,11084.75,11093.75,3.75,4745
8/6/2020 5:00,11096.25,11097.25,11055.25,11062.25,-34.0,7837
8/6/2020 6:00,11063.75,11085.25,11051.25,11076.0,12.25,11148
8/6/2020 7:00,11076.75,11114.5,11064.5,11106.25,29.5,16009
8/6/2020 8:00,11105.75,11120.25,11073.0,11114.25,8.5,53915
8/6/2020 9:00,11117.75,11147.0,11081.0,11106.5,-11.25,56694
8/6/2020 10:00,11112.75,11140.5,11105.75,11124.25,11.5,44571
8/6/2020 11:00,11126.0,11171.5,11122.5,11170.75,44.75,34395
8/6/2020 12:00,11173.0,11198.0,11161.5,11194.0,21.0,23875
8/6/2020 13:00,11194.5,11256.5,11193.5,11249.0,54.5,42327
8/6/2020 14:00,11249.75,11271.75,11233.5,11245.0,-4.75,49425
8/6/2020 15:00,11254.5,11265.75,11248.5,11255.0,0.5,9060
8/6/2020 19:00,11252.5,11283.25,11242.75,11268.0,15.5,5175
8/6/2020 20:00,11268.5,11272.0,11248.75,11259.25,-9.25,4853
8/6/2020 21:00,11259.75,11264.75,11219.25,11229.75,-30.0,6696
8/6/2020 22:00,11233.75,11235.25,11192.0,11192.75,-41.0,7614
8/6/2020 23:00,11195.5,11206.75,11184.0,11202.75,7.25,5386
8/7/2020 0:00,11205.25,11215.75,11188.25,11211.25,6.0,5282
8/7/2020 1:00,11211.25,11226.25,11201.25,11203.0,-8.25,4999
8/7/2020 2:00,11203.0,11234.25,11193.75,11233.75,30.75,7507
8/7/2020 3:00,11236.0,11239.5,11202.75,11216.75,-19.25,5617
8/7/2020 4:00,11216.75,11219.25,11190.0,11208.5,-8.25,5192
8/7/2020 5:00,11208.5,11217.75,11197.0,11215.75,7.25,3114
8/7/2020 6:00,11217.25,11223.75,11211.75,11216.75,-0.5,3944
8/7/2020 7:00,11218.0,11258.0,11203.25,11219.0,1.0,23596
8/7/2020 8:00,11219.0,11252.25,11207.75,11250.0,31.0,53797
8/7/2020 9:00,11247.75,11268.0,11206.5,11261.5,13.75,57985
8/7/2020 10:00,11260.0,11264.0,11182.25,11187.75,-72.25,48879
8/7/2020 11:00,11174.5,11205.75,11136.25,11140.75,-33.75,53393
8/7/2020 12:00,11137.25,11140.25,11071.5,11071.75,-65.5,73004
8/7/2020 13:00,11074.0,11103.25,11035.25,11080.75,6.75,60120
8/7/2020 14:00,11084.0,11139.25,11073.25,11124.5,40.5,65529
8/7/2020 15:00,11128.0,11156.5,11119.0,11131.25,3.25,10540
8/9/2020 18:00,11083.5,11113.75,11083.5,11109.75,26.25,2807
8/9/2020 19:00,11107.0,11119.5,11100.5,11107.75,0.75,3433
8/9/2020 20:00,11106.25,11109.0,11089.25,11092.25,-14.0,5102
8/9/2020 21:00,11092.25,11113.25,11085.5,11112.25,20.0,3283
8/9/2020 22:00,11111.0,11117.0,11105.75,11113.5,2.5,1833
8/9/2020 23:00,11113.0,11122.0,11110.0,11118.25,5.25,1428
8/10/2020 0:00,11119.5,11135.25,11118.25,11134.25,14.75,2752
8/10/2020 1:00,11133.75,11134.25,11110.5,11112.75,-21.0,3328
8/10/2020 2:00,11112.25,11130.0,11099.5,11122.25,10.0,6235
8/10/2020 3:00,11123.75,11126.0,11095.0,11113.0,-10.75,6363
8/10/2020 4:00,11115.75,11127.75,11109.25,11119.75,4.0,3035
8/10/2020 5:00,11121.75,11127.5,11114.0,11123.5,1.75,2397
8/10/2020 6:00,11123.25,11130.5,11112.25,11130.0,6.75,3948
8/10/2020 7:00,11130.75,11139.5,11126.5,11134.75,4.0,7349
8/10/2020 8:00,11134.0,11146.75,11065.0,11074.0,-60.0,60682
8/10/2020 9:00,11081.25,11086.75,10948.75,10954.5,-126.75,97830
8/10/2020 10:00,10944.0,11036.75,10928.25,11035.5,91.5,74182
8/10/2020 11:00,11031.25,11083.5,11007.25,11073.0,41.75,45303
8/10/2020 12:00,11073.0,11102.5,11053.0,11060.0,-13.0,37713
8/10/2020 13:00,11061.75,11085.75,11040.75,11080.75,19.0,36996
8/10/2020 14:00,11081.75,11095.5,11041.25,11074.0,-7.75,49288
8/10/2020 15:00,11078.75,11090.5,11062.75,11065.75,-13.0,8533
8/10/2020 18:00,11062.25,11077.0,11058.5,11073.5,11.25,1606
8/10/2020 19:00,11073.25,11093.75,11064.25,11091.25,18.0,3854
8/10/2020 20:00,11091.25,11114.75,11086.5,11112.0,20.75,4536
8/10/2020 21:00,11111.0,11124.0,11111.0,11116.0,5.0,3805
8/10/2020 22:00,11116.25,11122.25,11111.5,11120.0,3.75,1552
8/10/2020 23:00,11119.5,11125.0,11105.5,11109.0,-10.5,2053
8/11/2020 0:00,11108.5,11127.75,11107.5,11123.5,15.0,2254
8/11/2020 1:00,11122.5,11137.5,11101.5,11105.5,-17.0,5523
8/11/2020 2:00,11102.25,11130.0,11088.0,11127.25,25.0,8283
8/11/2020 3:00,11130.25,11149.5,11119.25,11147.75,17.5,5746
8/11/2020 4:00,11148.5,11157.75,11135.25,11136.5,-12.0,4810
8/11/2020 5:00,11134.5,11139.5,11122.75,11123.0,-11.5,5351
8/11/2020 6:00,11124.25,11128.5,11057.0,11066.25,-58.0,11472
8/11/2020 7:00,11063.5,11084.0,10986.5,11024.0,-39.5,24926
8/11/2020 8:00,11021.5,11042.25,10956.0,11015.0,-6.5,80016
8/11/2020 9:00,11007.25,11022.75,10941.75,11011.5,4.25,77707
8/11/2020 10:00,11008.0,11072.75,11006.5,11020.5,12.5,53505
8/11/2020 11:00,11025.75,11084.25,11012.5,11061.75,36.0,43665
8/11/2020 12:00,11061.5,11073.0,11021.5,11046.25,-15.25,36208
8/11/2020 13:00,11043.75,11052.0,10973.0,11000.75,-43.0,48930
8/11/2020 14:00,11004.25,11012.0,10845.5,10864.25,-140.0,101448
8/11/2020 15:00,10868.5,10944.75,10851.0,10939.0,70.5,16258
8/11/2020 18:00,10928.25,10936.0,10916.0,10927.75,-0.5,1887
8/11/2020 19:00,10922.5,10949.25,10885.25,10893.75,-28.75,6002
8/11/2020 20:00,10896.25,10927.25,10892.75,10913.25,17.0,4884
8/11/2020 21:00,10914.75,10922.5,10878.5,10910.0,-4.75,4982
8/11/2020 22:00,10907.0,10918.5,10895.5,10910.75,3.75,2549
8/11/2020 23:00,10911.0,10917.0,10892.0,10896.75,-14.25,1464
8/12/2020 0:00,10895.75,10925.5,10888.0,10919.0,23.25,3011
8/12/2020 1:00,10919.0,10953.75,10916.75,10942.25,23.25,7060
8/12/2020 2:00,10941.75,10972.0,10936.25,10969.75,28.0,8298
8/12/2020 3:00,10968.0,10985.25,10959.25,10968.75,0.75,5359
8/12/2020 4:00,10971.5,10984.75,10963.5,10969.75,-1.75,2984
8/12/2020 5:00,10968.0,10991.0,10968.0,10982.0,14.0,3806
8/12/2020 6:00,10980.25,10984.0,10956.0,10958.5,-21.75,6154
8/12/2020 7:00,10962.25,10973.25,10933.0,10946.25,-16.0,14306
8/12/2020 8:00,10947.75,11058.5,10934.5,11058.0,110.25,70580
8/12/2020 9:00,11061.5,11114.75,11050.25,11106.75,45.25,70472
8/12/2020 10:00,11106.75,11137.0,11097.0,11135.25,28.5,41324
8/12/2020 11:00,11131.75,11164.75,11129.25,11130.0,-1.75,36745
8/12/2020 12:00,11128.75,11174.0,11115.0,11172.25,43.5,33400
8/12/2020 13:00,11177.0,11185.75,11146.75,11153.25,-23.75,30210
8/12/2020 14:00,11155.75,11175.0,11122.25,11147.0,-8.75,45170
8/12/2020 15:00,11146.25,11146.25,11107.0,11128.0,-18.25,11181
8/12/2020 18:00,11122.0,11135.5,11118.75,11132.25,10.25,1594
8/12/2020 19:00,11131.5,11150.0,11101.0,11108.25,-23.25,5413
8/12/2020 20:00,11106.5,11136.0,11094.25,11117.0,10.5,5460
8/12/2020 21:00,11119.25,11131.5,11105.5,11125.75,6.5,2582
8/12/2020 22:00,11126.0,11126.0,11110.25,11114.0,-12.0,1666
8/12/2020 23:00,11113.5,11123.0,11112.75,11117.5,4.0,1019
8/13/2020 0:00,11116.75,11116.75,11101.5,11103.75,-13.0,2191
8/13/2020 1:00,11105.0,11119.5,11094.5,11118.25,13.25,3244
8/13/2020 2:00,11118.5,11148.75,11105.5,11121.25,2.75,7022
8/13/2020 3:00,11121.5,11128.75,11095.25,11118.75,-2.75,4449
8/13/2020 4:00,11118.25,11128.0,11107.0,11109.5,-8.75,2264
8/13/2020 5:00,11111.75,11123.25,11110.5,11115.75,4.0,1767
8/13/2020 6:00,11117.0,11147.5,11117.0,11142.25,25.25,4267
8/13/2020 7:00,11141.5,11198.0,11135.75,11192.25,50.75,12979
8/13/2020 8:00,11190.75,11229.5,11164.5,11208.75,18.0,65866
8/13/2020 9:00,11215.0,11249.0,11177.0,11239.75,24.75,51352
8/13/2020 10:00,11238.75,11259.75,11216.0,11227.5,-11.25,37343
8/13/2020 11:00,11232.5,11258.0,11230.75,11257.0,24.5,23687
8/13/2020 12:00,11259.0,11266.0,11180.5,11213.5,-45.5,43012
8/13/2020 13:00,11209.5,11214.75,11129.25,11152.25,-57.25,67061
8/13/2020 14:00,11151.75,11199.25,11139.25,11167.5,15.75,48026
8/13/2020 15:00,11169.75,11189.5,11157.25,11183.25,13.5,7739
8/13/2020 18:00,11191.75,11212.0,11191.75,11205.5,13.75,2288
8/13/2020 19:00,11205.75,11214.5,11188.25,11194.0,-11.75,2850
8/13/2020 20:00,11192.0,11206.75,11184.25,11202.75,10.75,3257
8/13/2020 21:00,11202.0,11211.5,11195.0,11202.75,0.75,1838
8/13/2020 22:00,11201.75,11206.5,11193.25,11201.5,-0.25,1116
8/13/2020 23:00,11200.75,11208.75,11198.25,11201.5,0.75,932
8/14/2020 0:00,11202.0,11213.75,11202.0,11209.25,7.25,1493
8/14/2020 1:00,11208.5,11237.75,11207.5,11222.75,14.25,4019
8/14/2020 2:00,11211.75,11215.25,11148.75,11163.5,-48.25,9842
8/14/2020 3:00,11165.75,11171.5,11146.25,11159.75,-6.0,8172
8/14/2020 4:00,11159.75,11166.5,11148.0,11165.75,6.0,3983
8/14/2020 5:00,11165.75,11193.25,11138.0,11184.75,19.0,6165
8/14/2020 6:00,11186.25,11215.0,11177.25,11206.0,19.75,6718
8/14/2020 7:00,11204.0,11217.5,11188.0,11198.75,-5.25,10165
8/14/2020 8:00,11196.25,11206.75,11135.5,11181.75,-14.5,57733
8/14/2020 9:00,11173.0,11186.25,11096.0,11116.5,-56.5,73556
8/14/2020 10:00,11115.75,11166.0,11105.75,11131.5,15.75,45068
8/14/2020 11:00,11139.0,11178.75,11135.25,11168.5,29.5,32406
8/14/2020 12:00,11168.5,11173.5,11146.25,11157.75,-10.75,25074
8/14/2020 13:00,11164.75,11165.0,11131.0,11147.75,-17.0,27853
8/14/2020 14:00,11146.25,11165.5,11119.5,11154.25,8.0,43989
8/14/2020 15:00,11159.5,11162.75,11130.25,11154.0,-5.5,12875
8/16/2020 18:00,11153.75,11164.25,11149.25,11161.5,7.75,1644
8/16/2020 20:00,11158.25,11176.25,11153.25,11173.0,14.75,3060
8/16/2020 21:00,11174.0,11189.25,11173.5,11183.75,9.75,2787
8/16/2020 22:00,11184.5,11190.0,11174.5,11178.25,-6.25,1898
8/16/2020 23:00,11178.25,11185.75,11176.0,11182.5,4.25,1080
8/17/2020 0:00,11182.0,11187.5,11176.75,11182.75,0.75,1490
8/17/2020 1:00,11182.75,11196.75,11175.0,11186.75,4.0,3113
8/17/2020 2:00,11185.75,11208.0,11175.0,11205.75,20.0,7146
8/17/2020 3:00,11203.75,11207.0,11186.5,11195.5,-8.25,4142
8/17/2020 4:00,11195.0,11209.5,11193.25,11198.0,3.0,2886
8/17/2020 5:00,11198.5,11206.0,11195.75,11203.75,5.25,1781
8/17/2020 6:00,11206.0,11218.0,11200.5,11203.0,-3.0,4482
8/17/2020 7:00,11203.75,11233.25,11202.75,11226.0,22.25,7568
8/17/2020 8:00,11227.0,11264.75,11221.5,11264.25,37.25,37200
8/17/2020 9:00,11264.0,11276.75,11237.75,11258.25,-5.75,43844
8/17/2020 10:00,11257.0,11267.25,11238.25,11252.75,-4.25,24063
8/17/2020 11:00,11253.5,11276.0,11245.5,11272.25,18.75,16890
8/17/2020 12:00,11272.75,11284.5,11268.5,11277.0,4.25,16733
8/17/2020 13:00,11277.5,11293.75,11270.5,11292.5,15.0,15086
8/17/2020 14:00,11292.5,11300.5,11276.5,11281.0,-11.5,25250
8/17/2020 15:00,11284.0,11293.0,11276.0,11285.0,1.0,6844
8/17/2020 19:00,11305.25,11312.25,11299.5,11303.25,-2.0,2744
8/17/2020 20:00,11301.75,11305.25,11284.5,11294.25,-7.5,4028
8/17/2020 21:00,11294.25,11295.75,11280.25,11285.0,-9.25,2764
8/17/2020 22:00,11285.75,11296.5,11283.75,11291.5,5.75,1831
8/17/2020 23:00,11292.0,11299.5,11289.5,11294.5,2.5,1169
8/18/2020 0:00,11294.75,11298.75,11285.75,11290.25,-4.5,1782
8/18/2020 1:00,11291.0,11297.25,11280.25,11286.0,-5.0,3230
8/18/2020 2:00,11284.75,11290.0,11272.0,11282.5,-2.25,5786
8/18/2020 3:00,11281.25,11296.0,11280.5,11295.5,14.25,3660
8/18/2020 4:00,11293.0,11326.5,11291.25,11323.25,30.25,6121
8/18/2020 5:00,11325.25,11333.5,11319.0,11330.5,5.25,3791
8/18/2020 6:00,11328.5,11335.5,11316.0,11318.5,-10.0,5490
8/18/2020 7:00,11317.25,11347.0,11305.25,11332.25,15.0,12486
8/18/2020 8:00,11332.5,11382.0,11322.0,11326.75,-5.75,55453
8/18/2020 9:00,11341.75,11347.5,11268.0,11333.0,-8.75,64054
8/18/2020 10:00,11340.5,11359.75,11330.25,11357.25,16.75,30599
8/18/2020 11:00,11355.75,11385.5,11352.0,11372.5,16.75,23263
8/18/2020 12:00,11370.25,11387.25,11363.5,11378.5,8.25,18510
8/18/2020 13:00,11376.5,11401.25,11365.5,11399.0,22.5,21607
8/18/2020 14:00,11397.0,11415.25,11386.25,11390.25,-6.75,34943
8/18/2020 15:00,11394.0,11437.0,11390.0,11407.75,13.75,9538
8/18/2020 18:00,11411.25,11419.75,11410.25,11417.0,5.75,1473
8/18/2020 19:00,11416.25,11416.25,11398.5,11406.0,-10.25,3095
8/18/2020 20:00,11406.0,11425.0,11405.25,11414.0,8.0,3567
8/18/2020 21:00,11414.0,11422.5,11412.25,11416.0,2.0,2171
8/18/2020 22:00,11415.25,11429.75,11415.0,11423.75,8.5,1959
8/18/2020 23:00,11424.25,11425.25,11413.75,11419.25,-5.0,1614
8/19/2020 0:00,11417.5,11423.0,11406.0,11411.5,-6.0,2329
8/19/2020 1:00,11413.0,11420.0,11405.0,11407.0,-6.0,3005
8/19/2020 2:00,11407.25,11428.25,11392.5,11423.5,16.25,6638
8/19/2020 3:00,11423.0,11427.5,11416.5,11418.75,-4.25,3202
8/19/2020 4:00,11417.5,11429.25,11416.75,11426.25,8.75,2183
8/19/2020 5:00,11426.25,11427.5,11417.25,11424.0,-2.25,2377
8/19/2020 6:00,11423.75,11426.5,11396.0,11402.0,-21.75,5655
8/19/2020 7:00,11401.25,11406.5,11374.0,11381.75,-19.5,11062
8/19/2020 8:00,11380.25,11415.0,11332.5,11340.25,-40.0,62755
8/19/2020 9:00,11352.75,11412.75,11346.0,11404.0,51.25,52399
8/19/2020 10:00,11406.5,11430.0,11386.25,11429.0,22.5,37645
8/19/2020 11:00,11430.75,11438.0,11408.0,11421.0,-9.75,23951
8/19/2020 12:00,11423.0,11432.5,11412.75,11423.75,0.75,14544
8/19/2020 13:00,11425.0,11431.5,11311.25,11381.25,-43.75,84559
8/19/2020 14:00,11372.0,11375.25,11299.0,11318.75,-53.25,58080
8/19/2020 15:00,11319.0,11336.75,11311.5,11327.5,8.5,10475
8/19/2020 18:00,11318.25,11321.75,11284.0,11290.0,-28.25,3915
8/19/2020 19:00,11290.25,11302.5,11278.75,11291.25,1.0,3972
8/19/2020 20:00,11293.75,11294.75,11257.25,11258.0,-35.75,5495
8/19/2020 21:00,11259.0,11267.5,11221.5,11242.0,-17.0,7322
8/19/2020 22:00,11243.0,11260.75,11238.75,11259.25,16.25,4127
8/19/2020 23:00,11257.5,11267.25,11250.75,11253.5,-4.0,3227
8/20/2020 0:00,11252.0,11283.0,11251.25,11267.75,15.75,3834
8/20/2020 1:00,11269.5,11284.25,11260.25,11269.25,-0.25,4472
8/20/2020 2:00,11269.75,11300.0,11258.25,11293.25,23.5,8002
8/20/2020 3:00,11293.0,11299.75,11260.25,11292.25,-0.75,7927
8/20/2020 4:00,11292.5,11316.5,11286.25,11310.25,17.75,4756
8/20/2020 5:00,11310.75,11336.75,11307.25,11335.0,24.25,6056
8/20/2020 6:00,11332.5,11334.25,11311.5,11322.5,-10.0,6631
8/20/2020 7:00,11322.75,11326.75,11296.75,11306.75,-16.0,11392
8/20/2020 8:00,11304.0,11378.0,11267.0,11373.25,69.25,63685
8/20/2020 9:00,11368.5,11399.5,11349.5,11394.25,25.75,55109
8/20/2020 10:00,11393.75,11425.0,11365.5,11423.0,29.25,41865
8/20/2020 11:00,11420.25,11424.5,11395.75,11396.75,-23.5,25562
8/20/2020 12:00,11399.5,11426.75,11389.25,11423.75,24.25,22975
8/20/2020 13:00,11422.5,11464.5,11418.75,11461.0,38.5,31891
8/20/2020 14:00,11463.0,11496.5,11450.5,11482.25,19.25,53484
8/20/2020 15:00,11474.0,11491.5,11468.5,11491.0,17.0,10893
8/20/2020 18:00,11492.25,11502.25,11489.25,11500.0,7.75,1620
8/20/2020 19:00,11499.75,11517.5,11499.5,11516.5,16.75,4748
8/20/2020 20:00,11518.25,11524.0,11495.0,11499.5,-18.75,5726
8/20/2020 21:00,11501.5,11505.5,11492.25,11502.0,0.5,1984
8/20/2020 22:00,11503.25,11511.75,11500.5,11504.0,0.75,1672
8/20/2020 23:00,11504.25,11513.75,11500.0,11506.5,2.25,1502
8/21/2020 0:00,11506.75,11509.75,11494.0,11499.5,-7.25,1572
8/21/2020 1:00,11500.5,11507.0,11492.75,11505.75,5.25,2366
8/21/2020 2:00,11503.5,11506.0,11466.0,11487.75,-15.75,8480
8/21/2020 3:00,11486.5,11486.5,11461.25,11478.25,-8.25,7010
8/21/2020 4:00,11477.25,11495.75,11471.5,11491.25,14.0,4599
8/21/2020 5:00,11491.75,11493.0,11445.5,11456.0,-35.75,7004
8/21/2020 6:00,11461.75,11474.75,11435.0,11438.25,-23.5,9980
8/21/2020 7:00,11432.5,11469.75,11407.0,11463.75,31.25,23970
8/21/2020 8:00,11464.0,11505.0,11449.5,11486.75,22.75,73645
8/21/2020 9:00,11495.5,11558.0,11468.0,11547.25,51.75,60525
8/21/2020 10:00,11545.5,11549.5,11495.25,11496.75,-48.75,48826
8/21/2020 11:00,11492.0,11543.5,11486.5,11538.5,46.5,30961
8/21/2020 12:00,11539.0,11543.0,11513.25,11520.75,-18.25,25137
8/21/2020 13:00,11524.25,11560.75,11519.75,11555.75,31.5,24822
8/21/2020 14:00,11554.5,11573.5,11529.5,11556.0,1.5,40182
8/21/2020 15:00,11554.5,11589.0,11551.75,11578.75,24.25,12774
8/23/2020 18:00,11584.5,11592.75,11578.25,11579.75,-4.75,3431
8/23/2020 19:00,11583.25,11592.0,11567.0,11588.5,5.25,4683
8/23/2020 20:00,11588.75,11607.0,11580.5,11598.5,9.75,4936
8/23/2020 21:00,11597.25,11608.5,11596.75,11601.5,4.25,3500
8/23/2020 22:00,11600.75,11615.0,11600.25,11605.5,4.75,3764
8/23/2020 23:00,11605.0,11609.25,11600.25,11604.25,-0.75,3399
8/24/2020 0:00,11605.25,11607.75,11600.0,11606.5,1.25,1946
8/24/2020 1:00,11609.25,11626.5,11609.25,11617.25,8.0,5588
8/24/2020 2:00,11617.25,11654.75,11617.0,11646.25,29.0,11507
8/24/2020 3:00,11646.5,11676.25,11646.5,11671.5,25.0,10319
8/24/2020 4:00,11672.0,11674.0,11662.25,11665.75,-6.25,5340
8/24/2020 5:00,11662.75,11672.5,11654.0,11665.75,3.0,4999
8/24/2020 6:00,11665.25,11681.75,11660.75,11678.75,13.5,6310
8/24/2020 7:00,11686.0,11695.75,11675.25,11689.0,3.0,10942
8/24/2020 8:00,11686.75,11722.5,11614.0,11658.5,-28.25,79087
8/24/2020 9:00,11656.0,11666.25,11528.25,11538.5,-117.5,132938
8/24/2020 10:00,11547.5,11622.75,11537.75,11613.0,65.5,77125
8/24/2020 11:00,11613.75,11641.25,11596.25,11608.25,-5.5,56246
8/24/2020 12:00,11605.0,11636.0,11581.75,11605.0,0.0,44048
8/24/2020 13:00,11603.5,11619.5,11559.5,11574.0,-29.5,54944
8/24/2020 14:00,11570.25,11614.5,11547.25,11608.5,38.25,57559
8/24/2020 15:00,11626.25,11642.5,11615.5,11637.75,11.5,13491
8/24/2020 18:00,11639.5,11651.0,11631.0,11647.5,8.0,2690
8/24/2020 19:00,11647.25,11657.0,11638.0,11656.0,8.75,4290
8/24/2020 20:00,11652.5,11686.5,11649.5,11683.0,30.5,6565
8/24/2020 21:00,11684.25,11690.0,11677.25,11681.5,-2.75,4543
8/24/2020 22:00,11682.5,11684.0,11672.25,11675.25,-7.25,2698
8/24/2020 23:00,11676.25,11678.0,11669.25,11677.25,1.0,2059
8/25/2020 0:00,11677.25,11678.0,11667.0,11670.75,-6.5,2175
8/25/2020 1:00,11670.5,11684.5,11670.5,11680.25,9.75,4462
8/25/2020 2:00,11678.25,11687.75,11673.75,11684.5,6.25,8809
8/25/2020 3:00,11680.5,11680.75,11651.5,11662.25,-18.25,8354
8/25/2020 4:00,11661.25,11665.25,11652.0,11656.25,-5.0,3460
8/25/2020 5:00,11653.0,11661.75,11642.75,11651.25,-1.75,5033
8/25/2020 6:00,11650.0,11656.25,11613.5,11618.0,-32.0,11269
8/25/2020 7:00,11619.5,11633.25,11607.75,11623.0,3.5,12503
8/25/2020 8:00,11624.25,11632.25,11574.75,11608.0,-16.25,85124
8/25/2020 9:00,11620.75,11649.25,11587.5,11635.75,15.0,86564
8/25/2020 10:00,11643.75,11691.5,11633.5,11660.5,16.75,67737
8/25/2020 11:00,11657.25,11671.0,11624.5,11661.0,3.75,36109
8/25/2020 12:00,11662.25,11681.25,11650.25,11666.5,4.25,29221
8/25/2020 13:00,11665.25,11699.5,11657.5,11698.25,33.0,41699
8/25/2020 14:00,11697.5,11719.0,11690.0,11717.5,20.0,40896
8/25/2020 15:00,11716.0,11742.25,11712.75,11735.5,19.5,10859
8/25/2020 18:00,11733.25,11754.0,11732.0,11748.25,15.0,2867
8/25/2020 19:00,11747.0,11758.0,11739.75,11742.25,-4.75,3992
8/25/2020 20:00,11740.25,11750.25,11729.5,11745.5,5.25,4356
8/25/2020 21:00,11744.0,11747.5,11737.0,11741.25,-2.75,2804
8/25/2020 22:00,11741.0,11743.25,11731.75,11741.5,0.5,2310
8/25/2020 23:00,11742.0,11742.5,11737.25,11739.0,-3.0,896
8/26/2020 0:00,11739.0,11750.0,11736.0,11739.0,0.0,2355
8/26/2020 1:00,11738.75,11745.75,11730.0,11736.75,-2.0,3435
8/26/2020 2:00,11736.25,11748.0,11726.75,11740.5,4.25,7609
8/26/2020 3:00,11740.75,11766.5,11734.75,11760.25,19.5,7615
8/26/2020 4:00,11761.0,11769.75,11752.0,11755.0,-6.0,3937
8/26/2020 5:00,11757.0,11774.75,11754.25,11774.25,17.25,3573
8/26/2020 6:00,11772.75,11784.0,11764.5,11768.25,-4.5,5687
