,timeframe,short,long,pnl,winning,losing,take_prof,stop_loss
0,5min,9,20,3335.4148695652193,327,365,0.0017391304347826088,0.0006956521739130435
1,5min,9,30,3034.7766956521755,281,281,0.0017391304347826088,0.0006956521739130435
2,5min,9,50,2635.111391304348,230,209,0.0017391304347826088,0.0006956521739130435
3,5min,9,100,1843.7237391304343,153,126,0.0017391304347826088,0.0006956521739130435
4,5min,14,20,3284.340782608697,282,252,0.0017391304347826088,0.0006956521739130435
5,5min,14,30,2974.4606086956564,246,208,0.0017391304347826088,0.0006956521739130435
6,5min,14,50,2366.685304347825,194,147,0.0017391304347826088,0.0006956521739130435
7,5min,14,100,1704.8735652173923,129,88,0.0017391304347826088,0.0006956521739130435
8,5min,20,30,2507.0806956521737,212,177,0.0017391304347826088,0.0006956521739130435
9,5min,20,50,2309.9044347826098,178,111,0.0017391304347826088,0.0006956521739130435
10,5min,20,100,1489.3096521739128,116,77,0.0017391304347826088,0.0006956521739130435
11,5min,30,50,1858.6850434782616,140,89,0.0017391304347826088,0.0006956521739130435
12,5min,30,100,1237.5394782608694,87,48,0.0017391304347826088,0.0006956521739130435
13,5min,50,100,1279.333652173913,87,40,0.0017391304347826088,0.0006956521739130435
14,5min,9,20,2746.814347826086,327,365,0.0017391304347826088,0.0009082125603864735
15,5min,9,30,2475.3376376811616,281,281,0.0017391304347826088,0.0009082125603864735
16,5min,9,50,2143.4978502415447,230,209,0.0017391304347826088,0.0009082125603864735
17,5min,9,100,1545.9846425120763,153,126,0.0017391304347826088,0.0009082125603864735
18,5min,14,20,2778.8119033816447,282,252,0.0017391304347826088,0.0009082125603864735
19,5min,14,30,2551.8863864734303,246,208,0.0017391304347826088,0.0009082125603864735
20,5min,14,50,2069.4648647342988,194,147,0.0017391304347826088,0.0009082125603864735
21,5min,14,100,1497.0374251207734,129,88,0.0017391304347826088,0.0009082125603864735
22,5min,20,30,2148.0430048309163,212,177,0.0017391304347826088,0.0009082125603864735
23,5min,20,50,2081.1656956521742,178,111,0.0017391304347826088,0.0009082125603864735
24,5min,20,100,1332.5290096618357,116,77,0.0017391304347826088,0.0009082125603864735
25,5min,30,50,1667.0607246376817,140,89,0.0017391304347826088,0.0009082125603864735
26,5min,30,100,1135.3402850241546,87,48,0.0017391304347826088,0.0009082125603864735
27,5min,50,100,1181.5701449275352,87,40,0.0017391304347826088,0.0009082125603864735
28,5min,9,20,2194.6357971014477,327,365,0.0017391304347826088,0.0011207729468599035
29,5min,9,30,2093.3276618357486,281,281,0.0017391304347826088,0.0011207729468599035
30,5min,9,50,1689.3834589371988,230,209,0.0017391304347826088,0.0011207729468599035
31,5min,9,100,1317.2396425120771,153,126,0.0017391304347826088,0.0011207729468599035
32,5min,14,20,2361.607516908214,282,252,0.0017391304347826088,0.0011207729468599035
33,5min,14,30,2217.9175169082137,246,208,0.0017391304347826088,0.0011207729468599035
34,5min,14,50,1772.6663671497577,194,147,0.0017391304347826088,0.0011207729468599035
35,5min,14,100,1324.144985507247,129,88,0.0017391304347826088,0.0011207729468599035
36,5min,20,30,1828.2388985507248,212,177,0.0017391304347826088,0.0011207729468599035
37,5min,20,50,1856.88284057971,178,111,0.0017391304347826088,0.0011207729468599035
38,5min,20,100,1181.9335652173909,116,77,0.0017391304347826088,0.0011207729468599035
39,5min,30,50,1493.3236811594213,140,89,0.0017391304347826088,0.0011207729468599035
40,5min,30,100,1035.3546473429951,87,48,0.0017391304347826088,0.0011207729468599035
41,5min,50,100,1112.793024154589,87,40,0.0017391304347826088,0.0011207729468599035
42,5min,9,20,1736.8146956521718,327,365,0.0017391304347826088,0.0013333333333333335
43,5min,9,30,1740.9006376811578,281,281,0.0017391304347826088,0.0013333333333333335
44,5min,9,50,1344.3810579710146,230,209,0.0017391304347826088,0.0013333333333333335
45,5min,9,100,1120.8676231884058,153,126,0.0017391304347826088,0.0013333333333333335
46,5min,14,20,2000.3445072463744,282,252,0.0017391304347826088,0.0013333333333333335
47,5min,14,30,1915.7485652173907,246,208,0.0017391304347826088,0.0013333333333333335
48,5min,14,50,1545.9075507246375,194,147,0.0017391304347826088,0.0013333333333333335
49,5min,14,100,1132.020072463768,129,88,0.0017391304347826088,0.0013333333333333335
50,5min,20,30,1491.3497391304352,212,177,0.0017391304347826088,0.0013333333333333335
51,5min,20,50,1676.896550724637,178,111,0.0017391304347826088,0.0013333333333333335
52,5min,20,100,1027.3380724637684,116,77,0.0017391304347826088,0.0013333333333333335
53,5min,30,50,1329.1087246376817,140,89,0.0017391304347826088,0.0013333333333333335
54,5min,30,100,940.3335652173912,87,48,0.0017391304347826088,0.0013333333333333335
55,5min,50,100,1043.5467391304348,87,40,0.0017391304347826088,0.0013333333333333335
56,5min,9,20,1424.3384541062794,327,365,0.0017391304347826088,0.0015458937198067635
57,5min,9,30,1525.556231884056,281,281,0.0017391304347826088,0.0015458937198067635
58,5min,9,50,1069.5212560386465,230,209,0.0017391304347826088,0.0015458937198067635
59,5min,9,100,925.3001449275362,153,126,0.0017391304347826088,0.0015458937198067635
60,5min,14,20,1763.5573913043465,282,252,0.0017391304347826088,0.0015458937198067635
61,5min,14,30,1699.1916425120776,246,208,0.0017391304347826088,0.0015458937198067635
62,5min,14,50,1380.5342028985508,194,147,0.0017391304347826088,0.0015458937198067635
63,5min,14,100,993.5403381642506,129,88,0.0017391304347826088,0.0015458937198067635
64,5min,20,30,1243.8572946859904,212,177,0.0017391304347826088,0.0015458937198067635
65,5min,20,50,1517.8903864734293,178,111,0.0017391304347826088,0.0015458937198067635
66,5min,20,100,869.9051207729469,116,77,0.0017391304347826088,0.0015458937198067635
67,5min,30,50,1164.746521739131,140,89,0.0017391304347826088,0.0015458937198067635
68,5min,30,100,842.8598550724641,87,48,0.0017391304347826088,0.0015458937198067635
69,5min,50,100,972.8478260869565,87,40,0.0017391304347826088,0.0015458937198067635
70,5min,9,20,1166.2667584541057,327,365,0.0017391304347826088,0.0017584541062801934
71,5min,9,30,1328.5898937198049,281,281,0.0017391304347826088,0.0017584541062801934
72,5min,9,50,848.8158792270526,230,209,0.0017391304347826088,0.0017584541062801934
73,5min,9,100,749.5142318840578,153,126,0.0017391304347826088,0.0017584541062801934
74,5min,14,20,1541.7092898550707,282,252,0.0017391304347826088,0.0017584541062801934
75,5min,14,30,1486.5323381642513,246,208,0.0017391304347826088,0.0017584541062801934
76,5min,14,50,1225.687391304347,194,147,0.0017391304347826088,0.0017584541062801934
77,5min,14,100,868.0320434782608,129,88,0.0017391304347826088,0.0017584541062801934
78,5min,20,30,1053.3613333333333,212,177,0.0017391304347826088,0.0017584541062801934
79,5min,20,50,1367.7226714975843,178,111,0.0017391304347826088,0.0017584541062801934
80,5min,20,100,666.6928888888887,116,77,0.0017391304347826088,0.0017584541062801934
81,5min,30,50,1041.4829613526572,140,89,0.0017391304347826088,0.0017584541062801934
82,5min,30,100,748.4653526570047,87,48,0.0017391304347826088,0.0017584541062801934
83,5min,50,100,911.6710289855072,87,40,0.0017391304347826088,0.0017584541062801934
84,5min,9,20,973.108724637681,327,365,0.0017391304347826088,0.0019710144927536236
85,5min,9,30,1192.4271884057948,281,281,0.0017391304347826088,0.0019710144927536236
86,5min,9,50,654.5590144927537,230,209,0.0017391304347826088,0.0019710144927536236
87,5min,9,100,620.2095072463766,153,126,0.0017391304347826088,0.0019710144927536236
88,5min,14,20,1347.0371304347807,282,252,0.0017391304347826088,0.0019710144927536236
89,5min,14,30,1309.6351014492743,246,208,0.0017391304347826088,0.0019710144927536236
90,5min,14,50,1028.0576521739124,194,147,0.0017391304347826088,0.0019710144927536236
91,5min,14,100,753.4306376811586,129,88,0.0017391304347826088,0.0019710144927536236
92,5min,20,30,866.0871304347827,212,177,0.0017391304347826088,0.0019710144927536236
93,5min,20,50,1285.481536231883,178,111,0.0017391304347826088,0.0019710144927536236
94,5min,20,100,587.2146376811592,116,77,0.0017391304347826088,0.0019710144927536236
95,5min,30,50,934.0988405797101,140,89,0.0017391304347826088,0.0019710144927536236
96,5min,30,100,666.4202318840577,87,48,0.0017391304347826088,0.0019710144927536236
97,5min,50,100,856.7833043478258,87,40,0.0017391304347826088,0.0019710144927536236
98,5min,9,20,849.9616666666666,327,365,0.0017391304347826088,0.0021835748792270533
99,5min,9,30,975.7470628019322,281,281,0.0017391304347826088,0.0021835748792270533
100,5min,9,50,478.74397101449296,230,209,0.0017391304347826088,0.0021835748792270533
101,5min,9,100,458.95490338164245,153,126,0.0017391304347826088,0.0021835748792270533
102,5min,14,20,1175.0194927536227,282,252,0.0017391304347826088,0.0021835748792270533
103,5min,14,30,1175.6992850241547,246,208,0.0017391304347826088,0.0021835748792270533
104,5min,14,50,892.8547391304342,194,147,0.0017391304347826088,0.0021835748792270533
105,5min,14,100,618.3858550724632,129,88,0.0017391304347826088,0.0021835748792270533
106,5min,20,30,636.9558840579712,212,177,0.0017391304347826088,0.0021835748792270533
107,5min,20,50,1195.5035458937195,178,111,0.0017391304347826088,0.0021835748792270533
108,5min,20,100,465.4847294685989,116,77,0.0017391304347826088,0.0021835748792270533
109,5min,30,50,826.6382608695652,140,89,0.0017391304347826088,0.0021835748792270533
110,5min,30,100,573.31906763285,87,48,0.0017391304347826088,0.0021835748792270533
111,5min,50,100,781.2721207729472,87,40,0.0017391304347826088,0.0021835748792270533
112,5min,9,20,784.6478647342992,327,365,0.0017391304347826088,0.0023961352657004835
113,5min,9,30,883.7059806763281,281,281,0.0017391304347826088,0.0023961352657004835
114,5min,9,50,361.3824637681158,230,209,0.0017391304347826088,0.0023961352657004835
115,5min,9,100,315.03374879227056,153,126,0.0017391304347826088,0.0023961352657004835
116,5min,14,20,1074.1424927536232,282,252,0.0017391304347826088,0.0023961352657004835
117,5min,14,30,1067.2932657004826,246,208,0.0017391304347826088,0.0023961352657004835
118,5min,14,50,812.3477971014489,194,147,0.0017391304347826088,0.0023961352657004835
119,5min,14,100,514.269874396135,129,88,0.0017391304347826088,0.0023961352657004835
120,5min,20,30,487.41554589371975,212,177,0.0017391304347826088,0.0023961352657004835
121,5min,20,50,1102.6726280193232,178,111,0.0017391304347826088,0.0023961352657004835
122,5min,20,100,390.8046183574879,116,77,0.0017391304347826088,0.0023961352657004835
123,5min,30,50,716.4280966183568,140,89,0.0017391304347826088,0.0023961352657004835
124,5min,30,100,485.3248599033813,87,48,0.0017391304347826088,0.0023961352657004835
125,5min,50,100,721.9402995169085,87,40,0.0017391304347826088,0.0023961352657004835
126,5min,9,20,661.8165217391306,327,365,0.0017391304347826088,0.0026086956521739132
127,5min,9,30,770.6432608695653,281,281,0.0017391304347826088,0.0026086956521739132
128,5min,9,50,235.29391304347843,230,209,0.0017391304347826088,0.0026086956521739132
129,5min,9,100,225.99673913043506,153,126,0.0017391304347826088,0.0026086956521739132
130,5min,14,20,943.1534782608696,282,252,0.0017391304347826088,0.0026086956521739132
131,5min,14,30,973.4610869565212,246,208,0.0017391304347826088,0.0026086956521739132
132,5min,14,50,733.323043478261,194,147,0.0017391304347826088,0.0026086956521739132
133,5min,14,100,448.135652173913,129,88,0.0017391304347826088,0.0026086956521739132
134,5min,20,30,379.034347826087,212,177,0.0017391304347826088,0.0026086956521739132
135,5min,20,50,1027.9723913043474,178,111,0.0017391304347826088,0.0026086956521739132
136,5min,20,100,325.3226086956522,116,77,0.0017391304347826088,0.0026086956521739132
137,5min,30,50,640.8495652173912,140,89,0.0017391304347826088,0.0026086956521739132
138,5min,30,100,408.7021739130435,87,48,0.0017391304347826088,0.0026086956521739132
139,5min,50,100,684.1552173913043,87,40,0.0017391304347826088,0.0026086956521739132
140,5min,9,20,3494.583211956525,318,374,0.0018478260869565217,0.0006956521739130435
141,5min,9,30,3082.661945652175,270,292,0.0018478260869565217,0.0006956521739130435
142,5min,9,50,2793.1934076086973,226,213,0.0018478260869565217,0.0006956521739130435
143,5min,9,100,2019.6947989130445,153,126,0.0018478260869565217,0.0006956521739130435
144,5min,14,20,3432.64198369565,275,259,0.0018478260869565217,0.0006956521739130435
145,5min,14,30,3075.9320380434815,239,215,0.0018478260869565217,0.0006956521739130435
146,5min,14,50,2490.3244076086976,190,151,0.0018478260869565217,0.0006956521739130435
147,5min,14,100,1798.2130163043485,127,90,0.0018478260869565217,0.0006956521739130435
148,5min,20,30,2643.723896739133,208,181,0.0018478260869565217,0.0006956521739130435
149,5min,20,50,2434.1323641304366,175,114,0.0018478260869565217,0.0006956521739130435
150,5min,20,100,1596.6039782608698,115,78,0.0018478260869565217,0.0006956521739130435
151,5min,30,50,1964.469641304349,138,91,0.0018478260869565217,0.0006956521739130435
152,5min,30,100,1313.0135652173908,86,49,0.0018478260869565217,0.0006956521739130435
153,5min,50,100,1355.2043695652173,86,41,0.0018478260869565217,0.0006956521739130435
154,5min,9,20,2892.557907608694,318,374,0.0018478260869565217,0.0009082125603864735
155,5min,9,30,2509.7855688405803,270,292,0.0018478260869565217,0.0009082125603864735
156,5min,9,50,2292.3719100241533,226,213,0.0018478260869565217,0.0009082125603864735
157,5min,9,100,1721.9557022946865,153,126,0.0018478260869565217,0.0009082125603864735
158,5min,14,20,2913.522418478261,275,259,0.0018478260869565217,0.0009082125603864735
159,5min,14,30,2637.634936594203,239,215,0.0018478260869565217,0.0009082125603864735
160,5min,14,50,2184.508823067633,190,151,0.0018478260869565217,0.0009082125603864735
161,5min,14,100,1585.6406056763287,127,90,0.0018478260869565217,0.0009082125603864735
162,5min,20,30,2275.397157608696,208,181,0.0018478260869565217,0.0009082125603864735
163,5min,20,50,2198.424407608696,175,114,0.0018478260869565217,0.0009082125603864735
164,5min,20,100,1437.5889541062802,115,78,0.0018478260869565217,0.0009082125603864735
165,5min,30,50,1768.0652644927538,138,91,0.0018478260869565217,0.0009082125603864735
166,5min,30,100,1208.6497632850237,86,49,0.0018478260869565217,0.0009082125603864735
167,5min,50,100,1255.3171714975842,86,41,0.0018478260869565217,0.0009082125603864735
168,5min,9,20,2330.0358786231886,318,374,0.0018478260869565217,0.0011207729468599035
169,5min,9,30,2108.5675978260874,270,292,0.0018478260869565217,0.0011207729468599035
170,5min,9,50,1829.0495621980679,226,213,0.0018478260869565217,0.0011207729468599035
171,5min,9,100,1493.2107022946864,153,126,0.0018478260869565217,0.0011207729468599035
172,5min,14,20,2486.058650362321,275,259,0.0018478260869565217,0.0011207729468599035
173,5min,14,30,2294.190569444447,239,215,0.0018478260869565217,0.0011207729468599035
174,5min,14,50,1879.1151805555553,190,151,0.0018478260869565217,0.0011207729468599035
175,5min,14,100,1408.0118955314008,127,90,0.0018478260869565217,0.0011207729468599035
176,5min,20,30,1946.304003019324,208,181,0.0018478260869565217,0.0011207729468599035
177,5min,20,50,1958.6431757246385,175,114,0.0018478260869565217,0.0011207729468599035
178,5min,20,100,1284.7591280193233,115,78,0.0018478260869565217,0.0011207729468599035
179,5min,30,50,1589.54816304348,138,91,0.0018478260869565217,0.0011207729468599035
180,5min,30,100,1106.4995169082122,86,49,0.0018478260869565217,0.0011207729468599035
181,5min,50,100,1184.4163599033818,86,41,0.0018478260869565217,0.0011207729468599035
182,5min,9,20,1861.12869021739,318,374,0.0018478260869565217,0.0013333333333333335
183,5min,9,30,1738.6838731884063,270,292,0.0018478260869565217,0.0013333333333333335
184,5min,9,50,1474.8392047101443,226,213,0.0018478260869565217,0.0013333333333333335
185,5min,9,100,1296.8386829710144,153,126,0.0018478260869565217,0.0013333333333333335
186,5min,14,20,2113.5436503623196,275,259,0.0018478260869565217,0.0013333333333333335
187,5min,14,30,1978.5266902173921,239,215,0.0018478260869565217,0.0013333333333333335
188,5min,14,50,1643.7612192028985,190,151,0.0018478260869565217,0.0013333333333333335
189,5min,14,100,1211.150711956522,127,90,0.0018478260869565217,0.0013333333333333335
190,5min,20,30,1600.125795289855,208,181,0.0018478260869565217,0.0013333333333333335
191,5min,20,50,1774.0528278985503,175,114,0.0018478260869565217,0.0013333333333333335
192,5min,20,100,1127.9292536231883,115,78,0.0018478260869565217,0.0013333333333333335
193,5min,30,50,1420.5531485507252,138,91,0.0018478260869565217,0.0013333333333333335
194,5min,30,100,1009.3138260869563,86,49,0.0018478260869565217,0.0013333333333333335
195,5min,50,100,1113.0463840579712,86,41,0.0018478260869565217,0.0013333333333333335
196,5min,9,20,1537.5663617149753,318,374,0.0018478260869565217,0.0015458937198067635
197,5min,9,30,1512.4329408212561,270,292,0.0018478260869565217,0.0015458937198067635
198,5min,9,50,1175.0728472222213,226,213,0.0018478260869565217,0.0015458937198067635
199,5min,9,100,1101.2712047101447,153,126,0.0018478260869565217,0.0015458937198067635
200,5min,14,20,1865.5045440821261,275,259,0.0018478260869565217,0.0015458937198067635
201,5min,14,30,1748.474839975846,239,215,0.0018478260869565217,0.0015458937198067635
202,5min,14,50,1469.7927264492748,190,151,0.0018478260869565217,0.0015458937198067635
203,5min,14,100,1067.9347071256038,127,90,0.0018478260869565217,0.0015458937198067635
204,5min,20,30,1343.3443025362315,208,181,0.0018478260869565217,0.0015458937198067635
205,5min,20,50,1610.4426056763286,175,114,0.0018478260869565217,0.0015458937198067635
206,5min,20,100,968.2619202898552,115,78,0.0018478260869565217,0.0015458937198067635
207,5min,30,50,1251.4108876811595,138,91,0.0018478260869565217,0.0015458937198067635
208,5min,30,100,909.6755072463769,86,49,0.0018478260869565217,0.0015458937198067635
209,5min,50,100,1041.918804347826,86,41,0.0018478260869565217,0.0015458937198067635
210,5min,9,20,1268.40857910628,318,374,0.0018478260869565217,0.0017584541062801934
211,5min,9,30,1304.5600760869568,270,292,0.0018478260869565217,0.0017584541062801934
212,5min,9,50,957.3731902173907,226,213,0.0018478260869565217,0.0017584541062801934
213,5min,9,100,925.485291666667,153,126,0.0018478260869565217,0.0017584541062801934
214,5min,14,20,1632.4044522946865,275,259,0.0018478260869565217,0.0017584541062801934
215,5min,14,30,1522.3206080917885,239,215,0.0018478260869565217,0.0017584541062801934
216,5min,14,50,1306.350769927536,190,151,0.0018478260869565217,0.0017584541062801934
217,5min,14,100,937.6901419082131,127,90,0.0018478260869565217,0.0017584541062801934
218,5min,20,30,1143.559292874395,208,181,0.0018478260869565217,0.0017584541062801934
219,5min,20,50,1455.6708327294689,175,114,0.0018478260869565217,0.0017584541062801934
220,5min,20,100,762.8153067632854,115,78,0.0018478260869565217,0.0017584541062801934
221,5min,30,50,1123.3672693236708,138,91,0.0018478260869565217,0.0017584541062801934
222,5min,30,100,813.1163961352651,86,49,0.0018478260869565217,0.0017584541062801934
223,5min,50,100,980.7420072463766,86,41,0.0018478260869565217,0.0017584541062801934
224,5min,9,20,1064.1644583333336,318,374,0.0018478260869565217,0.0019710144927536236
225,5min,9,30,1149.1004963768114,270,292,0.0018478260869565217,0.0019710144927536236
226,5min,9,50,760.8607409420288,226,213,0.0018478260869565217,0.0019710144927536236
227,5min,9,100,796.1805670289857,153,126,0.0018478260869565217,0.0019710144927536236
228,5min,14,20,1437.3748242753622,275,259,0.0018478260869565217,0.0019710144927536236
229,5min,14,30,1331.9284438405798,239,215,0.0018478260869565217,0.0019710144927536236
230,5min,14,50,1100.1258858695644,190,151,0.0018478260869565217,0.0019710144927536236
231,5min,14,100,818.3524655797102,127,90,0.0018478260869565217,0.0019710144927536236
232,5min,20,30,946.9960416666656,208,181,0.0018478260869565217,0.0019710144927536236
233,5min,20,50,1368.8256394927535,175,114,0.0018478260869565217,0.0019710144927536236
234,5min,20,100,681.1026739130434,115,78,0.0018478260869565217,0.0019710144927536236
235,5min,30,50,1011.20309057971,138,91,0.0018478260869565217,0.0019710144927536236
236,5min,30,100,728.9066666666662,86,49,0.0018478260869565217,0.0019710144927536236
237,5min,50,100,925.8542826086949,86,41,0.0018478260869565217,0.0019710144927536236
238,5min,9,20,929.9313134057971,318,374,0.0018478260869565217,0.0021835748792270533
239,5min,9,30,923.5477282608695,270,292,0.0018478260869565217,0.0021835748792270533
240,5min,9,50,582.7901129227054,226,213,0.0018478260869565217,0.0021835748792270533
241,5min,9,100,634.925963164251,153,126,0.0018478260869565217,0.0021835748792270533
242,5min,14,20,1263.3175199275356,275,259,0.0018478260869565217,0.0021835748792270533
243,5min,14,30,1188.0017578502416,239,215,0.0018478260869565217,0.0021835748792270533
244,5min,14,50,956.3278278985501,190,151,0.0018478260869565217,0.0021835748792270533
245,5min,14,100,678.5714124396137,127,90,0.0018478260869565217,0.0021835748792270533
246,5min,20,30,656.6624329710143,208,181,0.0018478260869565217,0.0021835748792270533
247,5min,20,50,1274.2435911835753,175,114,0.0018478260869565217,0.0021835748792270533
248,5min,20,100,557.138384057971,115,78,0.0018478260869565217,0.0021835748792270533
249,5min,30,50,898.9624528985507,138,91,0.0018478260869565217,0.0021835748792270533
250,5min,30,100,633.6408937198065,86,49,0.0018478260869565217,0.0021835748792270533
251,5min,50,100,850.3430990338162,86,41,0.0018478260869565217,0.0021835748792270533
252,5min,9,20,853.5314245169083,318,374,0.0018478260869565217,0.0023961352657004835
253,5min,9,30,822.6340036231882,270,292,0.0018478260869565217,0.0023961352657004835
254,5min,9,50,463.1730211352652,226,213,0.0018478260869565217,0.0023961352657004835
255,5min,9,100,491.00480857487867,153,126,0.0018478260869565217,0.0023961352657004835
256,5min,14,20,1155.8228242753612,275,259,0.0018478260869565217,0.0023961352657004835
257,5min,14,30,1068.4618254830916,239,215,0.0018478260869565217,0.0023961352657004835
258,5min,14,50,867.2257409420288,190,151,0.0018478260869565217,0.0023961352657004835
259,5min,14,100,569.7191612318838,127,90,0.0018478260869565217,0.0023961352657004835
260,5min,20,30,502.5140513285023,208,181,0.0018478260869565217,0.0023961352657004835
261,5min,20,50,1176.8086153381641,175,114,0.0018478260869565217,0.0023961352657004835
262,5min,20,100,480.22389130434794,115,78,0.0018478260869565217,0.0023961352657004835
263,5min,30,50,783.9722306763282,138,91,0.0018478260869565217,0.0023961352657004835
264,5min,30,100,543.4820772946855,86,49,0.0018478260869565217,0.0023961352657004835
265,5min,50,100,791.0112777777775,86,41,0.0018478260869565217,0.0023961352657004835
266,5min,9,20,719.6139945652175,318,374,0.0018478260869565217,0.0026086956521739132
267,5min,9,30,700.6986413043483,270,292,0.0018478260869565217,0.0026086956521739132
268,5min,9,50,355.2610597826085,226,213,0.0018478260869565217,0.0026086956521739132
269,5min,9,100,401.96779891304317,153,126,0.0018478260869565217,0.0026086956521739132
270,5min,14,20,1018.2161141304343,275,259,0.0018478260869565217,0.0026086956521739132
271,5min,14,30,983.9279076086953,239,215,0.0018478260869565217,0.0026086956521739132
272,5min,14,50,779.6058423913042,190,151,0.0018478260869565217,0.0026086956521739132
273,5min,14,100,498.84866847826083,127,90,0.0018478260869565217,0.0026086956521739132
274,5min,20,30,389.5248097826086,208,181,0.0018478260869565217,0.0026086956521739132
275,5min,20,50,1097.5043206521736,175,114,0.0018478260869565217,0.0026086956521739132
276,5min,20,100,412.5075000000001,115,78,0.0018478260869565217,0.0026086956521739132
277,5min,30,50,703.6136413043477,138,91,0.0018478260869565217,0.0026086956521739132
278,5min,30,100,464.6947826086955,86,49,0.0018478260869565217,0.0026086956521739132
279,5min,50,100,753.2261956521735,86,41,0.0018478260869565217,0.0026086956521739132
280,5min,9,20,3648.707260869566,310,382,0.001956521739130435,0.0006956521739130435
281,5min,9,30,3263.8929347826092,265,297,0.001956521739130435,0.0006956521739130435
282,5min,9,50,2863.0147391304363,219,220,0.001956521739130435,0.0006956521739130435
283,5min,9,100,2195.665858695653,153,126,0.001956521739130435,0.0006956521739130435
284,5min,14,20,3589.23129347826,269,265,0.001956521739130435,0.0006956521739130435
285,5min,14,30,3212.754608695658,234,220,0.001956521739130435,0.0006956521739130435
286,5min,14,50,2656.4565217391305,188,153,0.001956521739130435,0.0006956521739130435
287,5min,14,100,1864.7466956521741,124,93,0.001956521739130435,0.0006956521739130435
288,5min,20,30,2804.1118043478277,205,184,0.001956521739130435,0.0006956521739130435
289,5min,20,50,2530.183173913045,171,118,0.001956521739130435,0.0006956521739130435
290,5min,20,100,1674.3111304347824,113,80,0.001956521739130435,0.0006956521739130435
291,5min,30,50,1966.3211847826096,132,97,0.001956521739130435,0.0006956521739130435
292,5min,30,100,1412.2822608695644,86,49,0.001956521739130435,0.0006956521739130435
293,5min,50,100,1400.1702717391313,84,43,0.001956521739130435,0.0006956521739130435
294,5min,9,20,3037.5346908212537,310,382,0.001956521739130435,0.0009082125603864735
295,5min,9,30,2682.0457657004813,265,297,0.001956521739130435,0.0009082125603864735
296,5min,9,50,2367.8101884057965,219,220,0.001956521739130435,0.0009082125603864735
297,5min,9,100,1897.926762077296,153,126,0.001956521739130435,0.0009082125603864735
298,5min,14,20,3059.0959987922706,269,265,0.001956521739130435,0.0009082125603864735
299,5min,14,30,2763.6544057971005,234,220,0.001956521739130435,0.0009082125603864735
300,5min,14,50,2346.3162367149766,188,153,0.001956521739130435,0.0009082125603864735
301,5min,14,100,1645.597719806763,124,93,0.001956521739130435,0.0009082125603864735
302,5min,20,30,2429.2405966183574,205,184,0.001956521739130435,0.0009082125603864735
303,5min,20,50,2285.738826086958,171,118,0.001956521739130435,0.0009082125603864735
304,5min,20,100,1510.7934396135267,113,80,0.001956521739130435,0.0009082125603864735
305,5min,30,50,1758.8021316425131,132,97,0.001956521739130435,0.0009082125603864735
306,5min,30,100,1307.9184589371976,86,49,0.001956521739130435,0.0009082125603864735
307,5min,50,100,1295.776421497585,84,43,0.001956521739130435,0.0009082125603864735
308,5min,9,20,2470.4261400966166,310,382,0.001956521739130435,0.0011207729468599035
309,5min,9,30,2271.8570024154583,265,297,0.001956521739130435,0.0011207729468599035
310,5min,9,50,1907.5665072463787,219,220,0.001956521739130435,0.0011207729468599035
311,5min,9,100,1669.1817620772954,153,126,0.001956521739130435,0.0011207729468599035
312,5min,14,20,2620.6165012077277,269,265,0.001956521739130435,0.0011207729468599035
313,5min,14,30,2411.0835458937213,234,220,0.001956521739130435,0.0011207729468599035
314,5min,14,50,2036.5978937198079,188,153,0.001956521739130435,0.0011207729468599035
315,5min,14,100,1461.392444444444,124,93,0.001956521739130435,0.0011207729468599035
316,5min,20,30,2093.6029734299514,205,184,0.001956521739130435,0.0011207729468599035
317,5min,20,50,2037.2212028985523,171,118,0.001956521739130435,0.0011207729468599035
318,5min,20,100,1353.4609468599037,113,80,0.001956521739130435,0.0011207729468599035
319,5min,30,50,1573.3705954106294,132,97,0.001956521739130435,0.0011207729468599035
320,5min,30,100,1205.7682125603862,86,49,0.001956521739130435,0.0011207729468599035
321,5min,50,100,1220.5665422705315,84,43,0.001956521739130435,0.0011207729468599035
322,5min,9,20,1992.5444927536232,310,382,0.001956521739130435,0.0013333333333333335
323,5min,9,30,1893.0024855072454,265,297,0.001956521739130435,0.0013333333333333335
324,5min,9,50,1549.0010000000013,219,220,0.001956521739130435,0.0013333333333333335
325,5min,9,100,1472.8097427536231,153,126,0.001956521739130435,0.0013333333333333335
326,5min,14,20,2237.0857717391305,269,265,0.001956521739130435,0.0013333333333333335
327,5min,14,30,2077.5691739130434,234,220,0.001956521739130435,0.0013333333333333335
328,5min,14,50,1796.919231884059,188,153,0.001956521739130435,0.0013333333333333335
329,5min,14,100,1257.9546956521735,124,93,0.001956521739130435,0.0013333333333333335
330,5min,20,30,1740.8802971014495,205,184,0.001956521739130435,0.0013333333333333335
331,5min,20,50,1836.755130434783,171,118,0.001956521739130435,0.0013333333333333335
332,5min,20,100,1192.128405797101,113,80,0.001956521739130435,0.0013333333333333335
333,5min,30,50,1395.527329710145,132,97,0.001956521739130435,0.0013333333333333335
334,5min,30,100,1108.5825217391302,86,49,0.001956521739130435,0.0013333333333333335
335,5min,50,100,1147.0506630434786,84,43,0.001956521739130435,0.0013333333333333335
336,5min,9,20,1660.007705314011,310,382,0.001956521739130435,0.0015458937198067635
337,5min,9,30,1657.7807608695643,265,297,0.001956521739130435,0.0015458937198067635
338,5min,9,50,1244.879492753623,219,220,0.001956521739130435,0.0015458937198067635
339,5min,9,100,1277.2422644927535,153,126,0.001956521739130435,0.0015458937198067635
340,5min,14,20,1978.030935990338,269,265,0.001956521739130435,0.0015458937198067635
341,5min,14,30,1840.6667149758453,234,220,0.001956521739130435,0.0015458937198067635
342,5min,14,50,1618.626038647344,188,153,0.001956521739130435,0.0015458937198067635
343,5min,14,100,1108.1621256038643,124,93,0.001956521739130435,0.0015458937198067635
344,5min,20,30,1477.554335748793,205,184,0.001956521739130435,0.0015458937198067635
345,5min,20,50,1666.5783333333343,171,118,0.001956521739130435,0.0015458937198067635
346,5min,20,100,1027.958405797101,113,80,0.001956521739130435,0.0015458937198067635
347,5min,30,50,1217.5368176328502,132,97,0.001956521739130435,0.0015458937198067635
348,5min,30,100,1008.9442028985511,86,49,0.001956521739130435,0.0015458937198067635
349,5min,50,100,1073.7771799516909,84,43,0.001956521739130435,0.0015458937198067635
350,5min,9,20,1380.519893719808,310,382,0.001956521739130435,0.0017584541062801934
351,5min,9,30,1440.9371038647348,265,297,0.001956521739130435,0.0017584541062801934
352,5min,9,50,1022.8246859903384,219,220,0.001956521739130435,0.0017584541062801934
353,5min,9,100,1101.4563514492759,153,126,0.001956521739130435,0.0017584541062801934
354,5min,14,20,1733.9151147342998,269,265,0.001956521739130435,0.0017584541062801934
355,5min,14,30,1607.6618743961358,234,220,0.001956521739130435,0.0017584541062801934
356,5min,14,50,1450.8593816425125,188,153,0.001956521739130435,0.0017584541062801934
357,5min,14,100,971.3409951690826,124,93,0.001956521739130435,0.0017584541062801934
358,5min,20,30,1271.224857487923,205,184,0.001956521739130435,0.0017584541062801934
359,5min,20,50,1505.239985507247,171,118,0.001956521739130435,0.0017584541062801934
360,5min,20,100,818.0091256038646,113,80,0.001956521739130435,0.0017584541062801934
361,5min,30,50,1080.6449480676333,132,97,0.001956521739130435,0.0017584541062801934
362,5min,30,100,912.3850917874396,86,49,0.001956521739130435,0.0017584541062801934
363,5min,50,100,1010.4544794685994,84,43,0.001956521739130435,0.0017584541062801934
364,5min,9,20,1169.6456956521752,310,382,0.001956521739130435,0.0019710144927536236
365,5min,9,30,1276.5067318840581,265,297,0.001956521739130435,0.0019710144927536236
366,5min,9,50,821.9570869565218,219,220,0.001956521739130435,0.0019710144927536236
367,5min,9,100,972.1516268115936,153,126,0.001956521739130435,0.0019710144927536236
368,5min,14,20,1527.8697572463773,269,265,0.001956521739130435,0.0019710144927536236
369,5min,14,30,1410.4191014492756,234,220,0.001956521739130435,0.0019710144927536236
370,5min,14,50,1240.3097971014495,188,153,0.001956521739130435,0.0019710144927536236
371,5min,14,100,845.4267536231883,124,93,0.001956521739130435,0.0019710144927536236
372,5min,20,30,1068.1171376811596,205,184,0.001956521739130435,0.0019710144927536236
373,5min,20,50,1419.2735797101457,171,118,0.001956521739130435,0.0019710144927536236
374,5min,20,100,731.7938260869561,113,80,0.001956521739130435,0.0019710144927536236
375,5min,30,50,959.6325181159426,132,97,0.001956521739130435,0.0019710144927536236
376,5min,30,100,828.1753623188406,86,49,0.001956521739130435,0.0019710144927536236
377,5min,50,100,953.420851449275,84,43,0.001956521739130435,0.0019710144927536236
378,5min,9,20,1028.7824734299525,310,382,0.001956521739130435,0.0021835748792270533
379,5min,9,30,1041.9831714975844,265,297,0.001956521739130435,0.0021835748792270533
380,5min,9,50,639.5313091787441,219,220,0.001956521739130435,0.0021835748792270533
381,5min,9,100,810.8970229468598,153,126,0.001956521739130435,0.0021835748792270533
382,5min,14,20,1350.3655495169085,269,265,0.001956521739130435,0.0021835748792270533
383,5min,14,30,1259.641806763285,234,220,0.001956521739130435,0.0021835748792270533
384,5min,14,50,1092.1870386473427,188,153,0.001956521739130435,0.0021835748792270533
385,5min,14,100,699.0691352657007,124,93,0.001956521739130435,0.0021835748792270533
386,5min,20,30,771.2390603864733,205,184,0.001956521739130435,0.0021835748792270533
387,5min,20,50,1320.2489661835762,171,118,0.001956521739130435,0.0021835748792270533
388,5min,20,100,608.6145797101447,113,80,0.001956521739130435,0.0021835748792270533
389,5min,30,50,841.880039855073,132,97,0.001956521739130435,0.0021835748792270533
390,5min,30,100,732.909589371981,86,49,0.001956521739130435,0.0021835748792270533
391,5min,50,100,875.7637644927538,84,43,0.001956521739130435,0.0021835748792270533
392,5min,9,20,945.7525072463774,310,382,0.001956521739130435,0.0023961352657004835
393,5min,9,30,932.0986545893721,265,297,0.001956521739130435,0.0023961352657004835
394,5min,9,50,521.6933478260868,219,220,0.001956521739130435,0.0023961352657004835
395,5min,9,100,666.9758683574881,153,126,0.001956521739130435,0.0023961352657004835
396,5min,14,20,1233.9790809178746,269,265,0.001956521739130435,0.0023961352657004835
397,5min,14,30,1133.2512657004834,234,220,0.001956521739130435,0.0023961352657004835
398,5min,14,50,998.7602512077293,188,153,0.001956521739130435,0.0023961352657004835
399,5min,14,100,583.6403188405798,124,93,0.001956521739130435,0.0023961352657004835
400,5min,20,30,610.5462101449274,205,184,0.001956521739130435,0.0023961352657004835
401,5min,20,50,1218.3714251207734,171,118,0.001956521739130435,0.0023961352657004835
402,5min,20,100,525.1670434782609,113,80,0.001956521739130435,0.0023961352657004835
403,5min,30,50,720.3132524154593,132,97,0.001956521739130435,0.0023961352657004835
404,5min,30,100,642.7507729468599,86,49,0.001956521739130435,0.0023961352657004835
405,5min,50,100,814.286039855073,84,43,0.001956521739130435,0.0023961352657004835
406,5min,9,20,805.2050000000007,310,382,0.001956521739130435,0.0026086956521739132
407,5min,9,30,801.1925000000007,265,297,0.001956521739130435,0.0026086956521739132
408,5min,9,50,411.52282608695657,219,220,0.001956521739130435,0.0026086956521739132
409,5min,9,100,577.9388586956525,153,126,0.001956521739130435,0.0026086956521739132
410,5min,14,20,1087.4805978260874,269,265,0.001956521739130435,0.0026086956521739132
411,5min,14,30,1041.8667391304346,234,220,0.001956521739130435,0.0026086956521739132
412,5min,14,50,906.8156521739129,188,153,0.001956521739130435,0.0026086956521739132
413,5min,14,100,506.1932608695653,124,93,0.001956521739130435,0.0026086956521739132
414,5min,20,30,510.3525000000002,205,184,0.001956521739130435,0.0026086956521739132
415,5min,20,50,1134.6245652173907,171,118,0.001956521739130435,0.0026086956521739132
416,5min,20,100,457.450652173913,113,80,0.001956521739130435,0.0026086956521739132
417,5min,30,50,633.3780978260875,132,97,0.001956521739130435,0.0026086956521739132
418,5min,30,100,563.9634782608697,86,49,0.001956521739130435,0.0026086956521739132
419,5min,50,100,774.3550543478262,84,43,0.001956521739130435,0.0026086956521739132
420,5min,9,20,3685.7168967391303,298,394,0.0020652173913043477,0.0006956521739130435
421,5min,9,30,3340.112396739131,257,305,0.0020652173913043477,0.0006956521739130435
422,5min,9,50,2946.1050271739136,213,226,0.0020652173913043477,0.0006956521739130435
423,5min,9,100,2113.6304239130436,145,134,0.0020652173913043477,0.0006956521739130435
424,5min,14,20,3615.8704184782587,259,275,0.0020652173913043477,0.0006956521739130435
425,5min,14,30,3371.1403532608733,230,224,0.0020652173913043477,0.0006956521739130435
426,5min,14,50,2731.104701086958,183,158,0.0020652173913043477,0.0006956521739130435
427,5min,14,100,1842.2579673913053,118,99,0.0020652173913043477,0.0006956521739130435
428,5min,20,30,2926.574733695656,201,188,0.0020652173913043477,0.0006956521739130435
429,5min,20,50,2643.562625000001,168,121,0.0020652173913043477,0.0006956521739130435
430,5min,20,100,1689.674277173913,109,84,0.0020652173913043477,0.0006956521739130435
431,5min,30,50,2005.0932228260879,128,101,0.0020652173913043477,0.0006956521739130435
432,5min,30,100,1483.3858206521736,85,50,0.0020652173913043477,0.0006956521739130435
433,5min,50,100,1442.7585706521738,82,45,0.0020652173913043477,0.0006956521739130435
434,5min,9,20,3052.459249396132,298,394,0.0020652173913043477,0.0009082125603864735
435,5min,9,30,2740.071812198067,257,305,0.0020652173913043477,0.0009082125603864735
436,5min,9,50,2437.4751092995148,213,226,0.0020652173913043477,0.0009082125603864735
437,5min,9,100,1800.899443236715,145,134,0.0020652173913043477,0.0009082125603864735
438,5min,14,20,3072.348205917874,259,275,0.0020652173913043477,0.0009082125603864735
439,5min,14,30,2913.2375464975835,230,224,0.0020652173913043477,0.0009082125603864735
440,5min,14,50,2409.705889492754,183,158,0.0020652173913043477,0.0009082125603864735
441,5min,14,100,1609.9654263285029,118,99,0.0020652173913043477,0.0009082125603864735
442,5min,20,30,2542.677521135266,201,188,0.0020652173913043477,0.0009082125603864735
443,5min,20,50,2392.4809196859933,168,121,0.0020652173913043477,0.0009082125603864735
444,5min,20,100,1517.0545911835745,109,84,0.0020652173913043477,0.0009082125603864735
445,5min,30,50,1788.565329106281,128,101,0.0020652173913043477,0.0009082125603864735
446,5min,30,100,1376.7765839371978,85,50,0.0020652173913043477,0.0009082125603864735
447,5min,50,100,1334.029870169082,82,45,0.0020652173913043477,0.0009082125603864735
448,5min,9,20,2488.0466358695644,298,394,0.0020652173913043477,0.0011207729468599035
449,5min,9,30,2325.57910205314,257,305,0.0020652173913043477,0.0011207729468599035
450,5min,9,50,1975.8216358695654,213,226,0.0020652173913043477,0.0011207729468599035
451,5min,9,100,1557.162559178744,145,134,0.0020652173913043477,0.0011207729468599035
452,5min,14,20,2629.696389492753,259,275,0.0020652173913043477,0.0011207729468599035
453,5min,14,30,2563.4956769323667,230,224,0.0020652173913043477,0.0011207729468599035
454,5min,14,50,2088.7290199275362,183,158,0.0020652173913043477,0.0011207729468599035
455,5min,14,100,1412.6165857487927,118,99,0.0020652173913043477,0.0011207729468599035
456,5min,20,30,2204.14548731884,201,188,0.0020652173913043477,0.0011207729468599035
457,5min,20,50,2137.325939009663,168,121,0.0020652173913043477,0.0011207729468599035
458,5min,20,100,1350.6201032608694,109,84,0.0020652173913043477,0.0011207729468599035
459,5min,30,50,1594.1249522946873,128,101,0.0020652173913043477,0.0011207729468599035
460,5min,30,100,1272.3809027777772,85,50,0.0020652173913043477,0.0011207729468599035
461,5min,50,100,1254.4851407004828,82,45,0.0020652173913043477,0.0011207729468599035
462,5min,9,20,1995.4665634057956,298,394,0.0020652173913043477,0.0013333333333333335
463,5min,9,30,1928.590367753623,257,305,0.0020652173913043477,0.0013333333333333335
464,5min,9,50,1607.7555199275362,213,226,0.0020652173913043477,0.0013333333333333335
465,5min,9,100,1345.798655797101,145,134,0.0020652173913043477,0.0013333333333333335
466,5min,14,20,2230.1840706521743,259,275,0.0020652173913043477,0.0013333333333333335
467,5min,14,30,2223.432106884057,230,224,0.0020652173913043477,0.0013333333333333335
468,5min,14,50,1837.7918315217387,183,158,0.0020652173913043477,0.0013333333333333335
469,5min,14,100,1196.035271739131,118,99,0.0020652173913043477,0.0013333333333333335
470,5min,20,30,1844.6502119565207,201,188,0.0020652173913043477,0.0013333333333333335
471,5min,20,50,1930.2225090579707,168,121,0.0020652173913043477,0.0013333333333333335
472,5min,20,100,1180.185567028985,109,84,0.0020652173913043477,0.0013333333333333335
473,5min,30,50,1415.3395126811595,128,101,0.0020652173913043477,0.0013333333333333335
474,5min,30,100,1172.9497771739127,85,50,0.0020652173913043477,0.0013333333333333335
475,5min,50,100,1176.6344112318836,82,45,0.0020652173913043477,0.0013333333333333335
476,5min,9,20,1652.2880948067627,298,394,0.0020652173913043477,0.0015458937198067635
477,5min,9,30,1684.2938556763283,257,305,0.0020652173913043477,0.0015458937198067635
478,5min,9,50,1296.934640700483,213,226,0.0020652173913043477,0.0015458937198067635
479,5min,9,100,1135.2392934782613,145,134,0.0020652173913043477,0.0015458937198067635
480,5min,14,20,1964.4213073671485,259,275,0.0020652173913043477,0.0015458937198067635
481,5min,14,30,1979.9804498792266,230,224,0.0020652173913043477,0.0015458937198067635
482,5min,14,50,1648.2401117149757,183,158,0.0020652173913043477,0.0015458937198067635
483,5min,14,100,1033.099136473429,118,99,0.0020652173913043477,0.0015458937198067635
484,5min,20,30,1574.5516515700472,201,188,0.0020652173913043477,0.0015458937198067635
485,5min,20,50,1753.4083544685998,168,121,0.0020652173913043477,0.0015458937198067635
486,5min,20,100,1006.913571859903,109,84,0.0020652173913043477,0.0015458937198067635
487,5min,30,50,1230.7022373188408,128,101,0.0020652173913043477,0.0015458937198067635
488,5min,30,100,1071.0660235507246,85,50,0.0020652173913043477,0.0015458937198067635
489,5min,50,100,1099.02607789855,82,45,0.0020652173913043477,0.0015458937198067635
490,5min,9,20,1345.1251962560384,298,394,0.0020652173913043477,0.0017584541062801934
491,5min,9,30,1471.9297397342991,257,305,0.0020652173913043477,0.0017584541062801934
492,5min,9,50,1072.2256986714976,213,226,0.0020652173913043477,0.0017584541062801934
493,5min,9,100,950.6477282608695,145,134,0.0020652173913043477,0.0017584541062801934
494,5min,14,20,1727.6510078502406,259,275,0.0020652173913043477,0.0017584541062801934
495,5min,14,30,1740.4264112318833,230,224,0.0020652173913043477,0.0017584541062801934
496,5min,14,50,1469.2149281400957,183,158,0.0020652173913043477,0.0017584541062801934
497,5min,14,100,885.3206727053139,118,99,0.0020652173913043477,0.0017584541062801934
498,5min,20,30,1361.4495742753606,201,188,0.0020652173913043477,0.0017584541062801934
499,5min,20,50,1585.43264915459,168,121,0.0020652173913043477,0.0017584541062801934
500,5min,20,100,787.8622964975845,109,84,0.0020652173913043477,0.0017584541062801934
501,5min,30,50,1089.3498363526571,128,101,0.0020652173913043477,0.0017584541062801934
502,5min,30,100,972.2614776570042,85,50,0.0020652173913043477,0.0017584541062801934
503,5min,50,100,1031.3685271739128,82,45,0.0020652173913043477,0.0017584541062801934
504,5min,9,20,1127.5201141304346,298,394,0.0020652173913043477,0.0019710144927536236
505,5min,9,30,1300.6674112318838,257,305,0.0020652173913043477,0.0019710144927536236
506,5min,9,50,874.0037807971011,213,226,0.0020652173913043477,0.0019710144927536236
507,5min,9,100,802.1810036231883,145,134,0.0020652173913043477,0.0019710144927536236
508,5min,14,20,1517.1404474637675,259,275,0.0020652173913043477,0.0019710144927536236
509,5min,14,30,1536.6344402173902,230,224,0.0020652173913043477,0.0019710144927536236
510,5min,14,50,1260.47991847826,183,158,0.0020652173913043477,0.0019710144927536236
511,5min,14,100,742.0927499999992,118,99,0.0020652173913043477,0.0019710144927536236
512,5min,20,30,1157.6256032608683,201,188,0.0020652173913043477,0.0019710144927536236
513,5min,20,50,1492.8288858695655,168,121,0.0020652173913043477,0.0019710144927536236
514,5min,20,100,692.545001811594,109,84,0.0020652173913043477,0.0019710144927536236
515,5min,30,50,963.8587590579706,128,101,0.0020652173913043477,0.0019710144927536236
516,5min,30,100,885.8063134057967,85,50,0.0020652173913043477,0.0019710144927536236
517,5min,50,100,970.0000489130423,82,45,0.0020652173913043477,0.0019710144927536236
518,5min,9,20,979.9260078502413,298,394,0.0020652173913043477,0.0021835748792270533
519,5min,9,30,1059.3118943236711,257,305,0.0020652173913043477,0.0021835748792270533
520,5min,9,50,689.423172101449,213,226,0.0020652173913043477,0.0021835748792270533
521,5min,9,100,642.2517379227048,145,134,0.0020652173913043477,0.0021835748792270533
522,5min,14,20,1335.1710368357476,259,275,0.0020652173913043477,0.0021835748792270533
523,5min,14,30,1388.154730072463,230,224,0.0020652173913043477,0.0021835748792270533
524,5min,14,50,1107.960362922705,183,158,0.0020652173913043477,0.0021835748792270533
525,5min,14,100,600.8806388888881,118,99,0.0020652173913043477,0.0021835748792270533
526,5min,20,30,860.8348496376808,201,188,0.0020652173913043477,0.0021835748792270533
527,5min,20,50,1393.138765096619,168,121,0.0020652173913043477,0.0021835748792270533
528,5min,20,100,561.4856105072463,109,84,0.0020652173913043477,0.0021835748792270533
529,5min,30,50,852.38555615942,128,101,0.0020652173913043477,0.0021835748792270533
530,5min,30,100,788.2951056763286,85,50,0.0020652173913043477,0.0021835748792270533
531,5min,50,100,888.0081117149757,82,45,0.0020652173913043477,0.0021835748792270533
532,5min,9,20,890.1651576086953,298,394,0.0020652173913043477,0.0023961352657004835
533,5min,9,30,942.5954208937194,257,305,0.0020652173913043477,0.0023961352657004835
534,5min,9,50,569.4303798309172,213,226,0.0020652173913043477,0.0023961352657004835
535,5min,9,100,482.9681340579707,145,134,0.0020652173913043477,0.0023961352657004835
536,5min,14,20,1214.3193653381634,259,275,0.0020652173913043477,0.0023961352657004835
537,5min,14,30,1257.4876865942026,230,224,0.0020652173913043477,0.0023961352657004835
538,5min,14,50,1017.268759057971,183,158,0.0020652173913043477,0.0023961352657004835
539,5min,14,100,474.12904951690797,118,99,0.0020652173913043477,0.0023961352657004835
540,5min,20,30,697.912134661835,201,188,0.0020652173913043477,0.0023961352657004835
541,5min,20,50,1286.9817457729466,168,121,0.0020652173913043477,0.0023961352657004835
542,5min,20,100,471.2939583333334,109,84,0.0020652173913043477,0.0023961352657004835
543,5min,30,50,730.8187687198061,128,101,0.0020652173913043477,0.0023961352657004835
544,5min,30,100,695.8908544685987,85,50,0.0020652173913043477,0.0023961352657004835
545,5min,50,100,822.1955368357487,82,45,0.0020652173913043477,0.0023961352657004835
546,5min,9,20,742.8867663043474,298,394,0.0020652173913043477,0.0026086956521739132
547,5min,9,30,804.8573097826093,257,305,0.0020652173913043477,0.0026086956521739132
548,5min,9,50,473.05067934782585,213,226,0.0020652173913043477,0.0026086956521739132
549,5min,9,100,391.9097282608693,145,134,0.0020652173913043477,0.0026086956521739132
550,5min,14,20,1063.3556793478258,259,275,0.0020652173913043477,0.0026086956521739132
551,5min,14,30,1178.271005434782,230,224,0.0020652173913043477,0.0026086956521739132
552,5min,14,50,920.7568750000003,183,158,0.0020652173913043477,0.0026086956521739132
553,5min,14,100,394.66048913043466,118,99,0.0020652173913043477,0.0026086956521739132
554,5min,20,30,595.4885597826084,201,188,0.0020652173913043477,0.0026086956521739132
555,5min,20,50,1195.476277173913,168,121,0.0020652173913043477,0.0026086956521739132
556,5min,20,100,396.83345108695653,109,84,0.0020652173913043477,0.0026086956521739132
557,5min,30,50,643.8836141304342,128,101,0.0020652173913043477,0.0026086956521739132
558,5min,30,100,614.858125,85,50,0.0020652173913043477,0.0026086956521739132
559,5min,50,100,777.9297010869559,82,45,0.0020652173913043477,0.0026086956521739132
560,5min,9,20,3708.266565217391,287,405,0.002173913043478261,0.0006956521739130435
561,5min,9,30,3314.514913043479,246,316,0.002173913043478261,0.0006956521739130435
562,5min,9,50,2991.571413043479,206,233,0.002173913043478261,0.0006956521739130435
563,5min,9,100,2191.269652173914,142,137,0.002173913043478261,0.0006956521739130435
564,5min,14,20,3600.114869565217,249,285,0.002173913043478261,0.0006956521739130435
565,5min,14,30,3491.6118043478273,225,229,0.002173913043478261,0.0006956521739130435
566,5min,14,50,2765.6719130434776,177,164,0.002173913043478261,0.0006956521739130435
567,5min,14,100,1947.6912826086964,117,100,0.002173913043478261,0.0006956521739130435
568,5min,20,30,2894.4636956521745,192,197,0.002173913043478261,0.0006956521739130435
569,5min,20,50,2661.3033913043487,162,127,0.002173913043478261,0.0006956521739130435
570,5min,20,100,1731.7481086956511,106,87,0.002173913043478261,0.0006956521739130435
571,5min,30,50,2124.7195652173905,127,102,0.002173913043478261,0.0006956521739130435
572,5min,30,100,1495.0540434782604,82,53,0.002173913043478261,0.0006956521739130435
573,5min,50,100,1419.7012826086948,78,49,0.002173913043478261,0.0006956521739130435
574,5min,9,20,3054.8442173913027,287,405,0.002173913043478261,0.0009082125603864735
575,5min,9,30,2691.8667584541054,246,316,0.002173913043478261,0.0009082125603864735
576,5min,9,50,2469.733524154587,206,233,0.002173913043478261,0.0009082125603864735
577,5min,9,100,1871.685405797102,142,137,0.002173913043478261,0.0009082125603864735
578,5min,14,20,3038.4257584541056,249,285,0.002173913043478261,0.0009082125603864735
579,5min,14,30,3022.6907173913014,225,229,0.002173913043478261,0.0009082125603864735
580,5min,14,50,2430.8244589371975,177,164,0.002173913043478261,0.0009082125603864735
581,5min,14,100,1713.0969782608704,117,100,0.002173913043478261,0.0009082125603864735
582,5min,20,30,2498.4047004830913,192,197,0.002173913043478261,0.0009082125603864735
583,5min,20,50,2396.780589371981,162,127,0.002173913043478261,0.0009082125603864735
584,5min,20,100,1552.7686159420282,106,87,0.002173913043478261,0.0009082125603864735
585,5min,30,50,1906.0767487922699,127,102,0.002173913043478261,0.0009082125603864735
586,5min,30,100,1381.8187149758453,82,53,0.002173913043478261,0.0009082125603864735
587,5min,50,100,1301.9553454106274,78,49,0.002173913043478261,0.0009082125603864735
588,5min,9,20,2486.723869565216,287,405,0.002173913043478261,0.0011207729468599035
589,5min,9,30,2259.306999999999,246,316,0.002173913043478261,0.0011207729468599035
590,5min,9,50,1994.8720797101446,206,233,0.002173913043478261,0.0011207729468599035
591,5min,9,100,1621.0952560386474,142,137,0.002173913043478261,0.0011207729468599035
592,5min,14,20,2567.573681159421,249,285,0.002173913043478261,0.0011207729468599035
593,5min,14,30,2661.930567632848,225,229,0.002173913043478261,0.0011207729468599035
594,5min,14,50,2113.1021352656994,177,164,0.002173913043478261,0.0011207729468599035
595,5min,14,100,1513.446374396135,117,100,0.002173913043478261,0.0011207729468599035
596,5min,20,30,2144.726623188404,192,197,0.002173913043478261,0.0011207729468599035
597,5min,20,50,2128.1845120772955,162,127,0.002173913043478261,0.0011207729468599035
598,5min,20,100,1379.9743212560384,106,87,0.002173913043478261,0.0011207729468599035
599,5min,30,50,1709.5214492753623,127,102,0.002173913043478261,0.0011207729468599035
600,5min,30,100,1270.7969420289853,82,53,0.002173913043478261,0.0011207729468599035
601,5min,50,100,1213.3933792270532,78,49,0.002173913043478261,0.0011207729468599035
602,5min,9,20,1976.246797101448,287,405,0.002173913043478261,0.0013333333333333335
603,5min,9,30,1844.2512173913028,246,316,0.002173913043478261,0.0013333333333333335
604,5min,9,50,1613.597992753622,206,233,0.002173913043478261,0.0013333333333333335
605,5min,9,100,1402.8780869565219,142,137,0.002173913043478261,0.0013333333333333335
606,5min,14,20,2152.258826086956,249,285,0.002173913043478261,0.0013333333333333335
607,5min,14,30,2310.848717391302,225,229,0.002173913043478261,0.0013333333333333335
608,5min,14,50,1851.0781159420287,177,164,0.002173913043478261,0.0013333333333333335
609,5min,14,100,1294.5632971014484,117,100,0.002173913043478261,0.0013333333333333335
610,5min,20,30,1770.0853043478257,192,197,0.002173913043478261,0.0013333333333333335
611,5min,20,50,1919.6216521739123,162,127,0.002173913043478261,0.0013333333333333335
612,5min,20,100,1203.1799782608691,106,87,0.002173913043478261,0.0013333333333333335
613,5min,30,50,1528.621086956521,127,102,0.002173913043478261,0.0013333333333333335
614,5min,30,100,1164.7397246376809,82,53,0.002173913043478261,0.0013333333333333335
615,5min,50,100,1126.5254130434782,78,49,0.002173913043478261,0.0013333333333333335
616,5min,9,20,1643.17229468599,287,405,0.002173913043478261,0.0015458937198067635
617,5min,9,30,1584.0922463768106,246,316,0.002173913043478261,0.0015458937198067635
618,5min,9,50,1289.5691425120779,206,233,0.002173913043478261,0.0015458937198067635
619,5min,9,100,1185.465458937198,142,137,0.002173913043478261,0.0015458937198067635
620,5min,14,20,1872.8981159420277,249,285,0.002173913043478261,0.0015458937198067635
621,5min,14,30,2056.378780193237,225,229,0.002173913043478261,0.0015458937198067635
622,5min,14,50,1650.439565217391,177,164,0.002173913043478261,0.0015458937198067635
623,5min,14,100,1129.3253985507235,117,100,0.002173913043478261,0.0015458937198067635
624,5min,20,30,1484.8407004830915,192,197,0.002173913043478261,0.0015458937198067635
625,5min,20,50,1731.7149275362315,162,127,0.002173913043478261,0.0015458937198067635
626,5min,20,100,1023.5481763285026,106,87,0.002173913043478261,0.0015458937198067635
627,5min,30,50,1341.868888888888,127,102,0.002173913043478261,0.0015458937198067635
628,5min,30,100,1056.2298792270533,82,53,0.002173913043478261,0.0015458937198067635
629,5min,50,100,1039.8998429951691,78,49,0.002173913043478261,0.0015458937198067635
630,5min,9,20,1331.6428067632849,287,405,0.002173913043478261,0.0017584541062801934
631,5min,9,30,1365.4851159420289,246,316,0.002173913043478261,0.0017584541062801934
632,5min,9,50,1058.9450072463774,206,233,0.002173913043478261,0.0017584541062801934
633,5min,9,100,994.020628019324,142,137,0.002173913043478261,0.0017584541062801934
634,5min,14,20,1631.899753623187,249,285,0.002173913043478261,0.0017584541062801934
635,5min,14,30,1809.343084541063,225,229,0.002173913043478261,0.0017584541062801934
636,5min,14,50,1460.3275507246367,177,164,0.002173913043478261,0.0017584541062801934
637,5min,14,100,979.2451714975845,117,100,0.002173913043478261,0.0017584541062801934
638,5min,20,30,1256.5925797101445,192,197,0.002173913043478261,0.0017584541062801934
639,5min,20,50,1552.646652173913,162,127,0.002173913043478261,0.0017584541062801934
640,5min,20,100,798.1370942028987,106,87,0.002173913043478261,0.0017584541062801934
641,5min,30,50,1198.4015652173905,127,102,0.002173913043478261,0.0017584541062801934
642,5min,30,100,950.7992415458934,82,53,0.002173913043478261,0.0017584541062801934
643,5min,50,100,963.2250555555556,78,49,0.002173913043478261,0.0017584541062801934
644,5min,9,20,1104.9989130434776,287,405,0.002173913043478261,0.0019710144927536236
645,5min,9,30,1182.8075507246374,246,316,0.002173913043478261,0.0019710144927536236
646,5min,9,50,849.6356739130434,206,233,0.002173913043478261,0.0019710144927536236
647,5min,9,100,838.7006376811592,142,137,0.002173913043478261,0.0019710144927536236
648,5min,14,20,1412.2385217391295,249,285,0.002173913043478261,0.0019710144927536236
649,5min,14,30,1601.8505869565217,225,229,0.002173913043478261,0.0019710144927536236
650,5min,14,50,1240.505710144927,177,164,0.002173913043478261,0.0019710144927536236
651,5min,14,100,834.3091086956514,117,100,0.002173913043478261,0.0019710144927536236
652,5min,20,30,1037.6225652173907,192,197,0.002173913043478261,0.0019710144927536236
653,5min,20,50,1463.363652173913,162,127,0.002173913043478261,0.0019710144927536236
654,5min,20,100,696.4599927536229,106,87,0.002173913043478261,0.0019710144927536236
655,5min,30,50,1070.795565217391,127,102,0.002173913043478261,0.0019710144927536236
656,5min,30,100,857.7179855072462,82,53,0.002173913043478261,0.0019710144927536236
657,5min,50,100,892.8393405797096,78,49,0.002173913043478261,0.0019710144927536236
658,5min,9,20,948.3659951690819,287,405,0.002173913043478261,0.0021835748792270533
659,5min,9,30,930.0367971014485,246,316,0.002173913043478261,0.0021835748792270533
660,5min,9,50,653.967649758454,206,233,0.002173913043478261,0.0021835748792270533
661,5min,9,100,671.9181062801932,142,137,0.002173913043478261,0.0021835748792270533
662,5min,14,20,1221.1184396135266,249,285,0.002173913043478261,0.0021835748792270533
663,5min,14,30,1460.7659347826093,225,229,0.002173913043478261,0.0021835748792270533
664,5min,14,50,1089.4337584541067,177,164,0.002173913043478261,0.0021835748792270533
665,5min,14,100,693.0969975845406,117,100,0.002173913043478261,0.0021835748792270533
666,5min,20,30,738.2202028985504,192,197,0.002173913043478261,0.0021835748792270533
667,5min,20,50,1354.7015169082133,162,127,0.002173913043478261,0.0021835748792270533
668,5min,20,100,559.0407946859904,106,87,0.002173913043478261,0.0021835748792270533
669,5min,30,50,957.2074396135264,127,102,0.002173913043478261,0.0021835748792270533
670,5min,30,100,753.5806859903381,82,53,0.002173913043478261,0.0021835748792270533
671,5min,50,100,801.8301666666666,78,49,0.002173913043478261,0.0021835748792270533
672,5min,9,20,849.5663333333335,287,405,0.002173913043478261,0.0023961352657004835
673,5min,9,30,830.8129710144922,246,316,0.002173913043478261,0.0023961352657004835
674,5min,9,50,533.4168526570041,206,233,0.002173913043478261,0.0023961352657004835
675,5min,9,100,519.7944734299514,142,137,0.002173913043478261,0.0023961352657004835
676,5min,14,20,1101.645507246376,249,285,0.002173913043478261,0.0023961352657004835
677,5min,14,30,1342.708596618358,225,229,0.002173913043478261,0.0023961352657004835
678,5min,14,50,989.7759323671501,177,164,0.002173913043478261,0.0023961352657004835
679,5min,14,100,566.3454082125603,117,100,0.002173913043478261,0.0023961352657004835
680,5min,20,30,574.238178743961,192,197,0.002173913043478261,0.0023961352657004835
681,5min,20,50,1239.5724830917875,162,127,0.002173913043478261,0.0023961352657004835
682,5min,20,100,462.4893357487922,106,87,0.002173913043478261,0.0023961352657004835
683,5min,30,50,833.5257294685988,127,102,0.002173913043478261,0.0023961352657004835
684,5min,30,100,654.550342995169,82,53,0.002173913043478261,0.0023961352657004835
685,5min,50,100,727.0003550724639,78,49,0.002173913043478261,0.0023961352657004835
686,5min,9,20,693.2491304347822,287,405,0.002173913043478261,0.0026086956521739132
687,5min,9,30,686.2199999999996,246,316,0.002173913043478261,0.0026086956521739132
688,5min,9,50,416.4248913043476,206,233,0.002173913043478261,0.0026086956521739132
689,5min,9,100,424.2347826086957,142,137,0.002173913043478261,0.0026086956521739132
690,5min,14,20,946.2997826086954,249,285,0.002173913043478261,0.0026086956521739132
691,5min,14,30,1261.1801086956523,225,229,0.002173913043478261,0.0026086956521739132
692,5min,14,50,892.2402173913048,177,164,0.002173913043478261,0.0026086956521739132
693,5min,14,100,486.87684782608704,117,100,0.002173913043478261,0.0026086956521739132
694,5min,20,30,453.5697826086956,192,197,0.002173913043478261,0.0026086956521739132
695,5min,20,50,1139.0949999999998,162,127,0.002173913043478261,0.0026086956521739132
696,5min,20,100,381.6690217391304,106,87,0.002173913043478261,0.0026086956521739132
697,5min,30,50,744.475652173913,127,102,0.002173913043478261,0.0026086956521739132
698,5min,30,100,566.8915217391307,82,53,0.002173913043478261,0.0026086956521739132
699,5min,50,100,673.7172826086958,78,49,0.002173913043478261,0.0026086956521739132
